symbol,date,open,high,low,close,volume,quote_volume,atr,rsi,upper_shadow,lower_shadow,upper_shadow_ratio,lower_shadow_ratio,weekly_range,weekly_range_pct,body_size,body_size_pct,volatility_ratio
BTCUSDT,2022-08-14,23174.39,25047.56,22664.69,24305.24,1251083.26468,30077619286.84657,,,,,,,2382.8700000000026,10.513578610605318,,,
ETHUSDT,2022-08-14,1700.2,2030.0,1656.78,1935.31,6005908.6758,11095588128.982937,,,,,,,373.22,22.526829150520893,,,
ETHUSDT,2022-08-21,1935.32,2012.47,1523.67,1618.13,6245075.8822,11075956317.685335,,,,,,,488.79999999999995,32.08043736504623,,,
BTCUSDT,2022-08-21,24305.25,25211.32,20761.9,21515.61,1402957.39876,32016009263.434933,,,,,,,4449.419999999998,21.430697575848058,,,
ETHUSDT,2022-08-28,1618.13,1722.0,1424.0,1426.76,5680094.1028,9057599624.377893,,,,,,,298.0,20.926966292134832,,,
BTCUSDT,2022-08-28,21516.7,21900.0,19520.0,19555.61,1343190.86,28273617081.520325,,,,,,,2380.0,12.192622950819672,,,
ETHUSDT,2022-09-04,1426.76,1650.0,1422.08,1579.28,5044263.2551,7847814922.906389,,,,,,,227.92000000000007,16.027227722772285,,,
BTCUSDT,2022-09-04,19555.61,20576.25,19540.0,20000.3,1527594.84529,30597230623.489513,,,,,,,1036.25,5.303224155578301,,,
ETHUSDT,2022-09-11,1579.29,1789.0,1490.66,1766.11,4668123.4131,7684888287.815278,,,,,,,298.3399999999999,20.013953550776158,,,
BTCUSDT,2022-09-11,20000.3,21860.0,18510.77,21826.87,2146685.76233,43460053550.45977,,,,,,,3349.2299999999996,18.09341264571922,,,
ETHUSDT,2022-09-18,1766.12,1783.0,1325.55,1334.51,5784488.7576,9016547779.985247,,,,,,,457.45000000000005,34.510203311832825,,,
BTCUSDT,2022-09-18,21826.87,22799.0,19320.01,19416.18,2218565.59694,45784151832.43754,,,,,,,3478.9900000000016,18.00718529648795,,,
ETHUSDT,2022-09-25,1334.51,1408.9,1220.0,1294.63,5736574.9099,7565908739.828645,,,,,,,188.9000000000001,15.483606557377055,,,
BTCUSDT,2022-09-25,19417.45,19956.0,18125.98,18807.38,2285541.48793,43488049829.07041,,,,,,,1830.0200000000004,10.096116182407796,,,
ETHUSDT,2022-10-02,1294.62,1400.0,1253.2,1276.72,4714233.4876,6248873409.02993,,,,,,,146.79999999999995,11.714012128949884,,,
BTCUSDT,2022-10-02,18809.13,20385.86,18471.28,19056.8,2777070.91238,53761170640.89073,,,,,,,1914.5800000000017,10.36517231074404,,,
ETHUSDT,2022-10-09,1276.72,1383.99,1263.04,1323.13,2899060.4732,3880579020.471679,,,,,,,120.95000000000005,9.576102102862938,,,
BTCUSDT,2022-10-09,19057.74,20475.0,18959.68,19439.02,1690215.44019,33498469288.87016,,,,,,,1515.3199999999997,7.992328984455432,,,
ETHUSDT,2022-10-16,1323.13,1343.12,1190.0,1305.95,3388589.4231,4359774327.631974,,,,,,,153.1199999999999,12.867226890756292,,,
BTCUSDT,2022-10-16,19439.96,19951.87,18190.0,19262.98,1666942.47921,31973285240.12004,,,,,,,1761.869999999999,9.685926333150077,,,
ETHUSDT,2022-10-23,1305.96,1371.55,1252.65,1364.2,2951869.4931,3860712484.14561,,,,,,,118.89999999999986,9.491877220292967,,,
BTCUSDT,2022-10-23,19262.98,19706.66,18650.0,19570.4,1439566.24878,27726087449.710506,,,,,,,1056.6599999999999,5.665737265415549,,,
ETHUSDT,2022-10-30,1364.19,1663.06,1324.17,1590.44,6094414.837,9226735015.23757,,,,,,,338.8899999999999,25.59263538669505,,,
BTCUSDT,2022-10-30,19570.4,21085.0,19157.0,20627.48,2026392.42105,41163103270.30045,,,,,,,1928.0,10.064206295348958,,,
ETHUSDT,2022-11-06,1590.45,1680.0,1502.32,1568.29,4581252.7508,7266447583.428436,,,,,,,177.68000000000006,11.827040843495398,,,
BTCUSDT,2022-11-06,20627.48,21480.65,20031.24,20905.58,2205754.83045,45589276905.342834,,,,,,,1449.4099999999999,7.2357477619957615,,,
ETHUSDT,2022-11-13,1568.25,1608.04,1073.53,1221.49,9856350.1681,12856429014.81681,280.2485714285714,32.62636784921531,,,,,534.51,49.78994532057791,,,0.22943173618168908
BTCUSDT,2022-11-13,20905.58,21069.77,15588.0,16329.85,3234391.873932,58481935198.61975,2429.5992857142855,26.6342208281892,,,,,5481.77,35.16660251475494,,,0.1487827068659103
ETHUSDT,2022-11-20,1221.5,1291.2,1132.65,1142.21,3872561.5274,4732252766.127394,264.91499999999996,31.41404199475066,,,,,158.54999999999995,13.99814594093497,,,0.2319319564703513
BTCUSDT,2022-11-20,16331.78,17190.0,15815.21,16280.23,1626234.48043,27077469872.70158,2357.593571428571,26.557007152952124,,,,,1374.7900000000009,8.692834303180298,,,0.14481328405241026
ETHUSDT,2022-11-27,1142.21,1235.66,1075.0,1193.88,3852198.0722,4462097443.678077,241.47642857142858,38.64481903976789,,,,,160.66000000000008,14.945116279069776,,,0.20226189279611734
BTCUSDT,2022-11-27,16279.5,16812.63,15476.0,16428.78,1561058.479583,25506770070.360386,2135.2514285714287,32.428826944240825,,,,,1336.630000000001,8.636792452830196,,,0.12997017603080868
BTCUSDT,2022-12-04,16428.77,17324.0,15995.27,17105.7,1572173.55626,26360161543.308464,2060.1607142857147,40.714304665380524,,,,,1328.7299999999996,8.30701826227378,,,0.12043708905719816
ETHUSDT,2022-12-04,1193.88,1309.77,1151.02,1279.41,3279474.5966,4094604345.545465,231.53,45.819265143992055,,,,,158.75,13.792114819898874,,,0.1809662266200827
ETHUSDT,2022-12-11,1279.4,1305.11,1218.01,1263.01,2267254.9617,2862688271.100078,221.47142857142853,40.275377737327275,,,,,87.09999999999991,7.1510086124087575,,,0.1753520784248965
BTCUSDT,2022-12-11,17106.65,17424.25,16678.83,17085.05,1443791.97519,24639487914.908703,2039.387142857143,38.58359421075345,,,,,745.4199999999983,4.469258335266911,,,0.1193667646777237
BTCUSDT,2022-12-18,17085.05,18387.95,16527.32,16738.21,1511897.62621,26143428661.14803,1933.0585714285717,27.46002863197286,,,,,1860.630000000001,11.25790509290073,,,0.11548777147786841
ETHUSDT,2022-12-18,1263.0,1352.72,1155.32,1183.06,3300225.297,4143543432.630187,214.26142857142855,30.811255553727165,,,,,197.4000000000001,17.086175258802765,,,0.1811078293336167
BTCUSDT,2022-12-25,16739.0,17061.27,16256.3,16832.11,1148035.81471,19261867584.5081,1742.0571428571432,35.59811353774096,,,,,804.9700000000012,4.9517417862613335,,,0.10349606453719368
ETHUSDT,2022-12-25,1183.06,1237.99,1150.51,1218.51,1978460.2941,2386533155.009929,187.83499999999998,44.83572255364616,,,,,87.48000000000002,7.60358449730989,,,0.15415138160540331
BTCUSDT,2023-01-01,16832.11,16972.83,16333.0,16616.75,1028681.78419,17128649384.378353,1657.0435714285718,37.23089119068299,,,,,639.8300000000017,3.9174064776832287,,,0.09972127951787033
ETHUSDT,2023-01-01,1218.52,1233.73,1181.06,1200.34,1565275.6649,1881312176.942144,178.1042857142857,45.719499904665916,,,,,52.67000000000007,4.459553282644411,,,0.14837819760591642
BTCUSDT,2023-01-08,16617.17,17176.99,16548.7,17127.83,1112349.61417,18710795015.112286,1565.1657142857146,39.08893140004369,,,,,628.2900000000009,3.796612422728075,,,0.0913814367777888
ETHUSDT,2023-01-08,1200.33,1296.0,1193.0,1290.16,1874373.9047,2333950635.870206,174.97571428571428,50.57274354385068,,,,,103.0,8.633696563285834,,,0.13562326710308353
ETHUSDT,2023-01-15,1290.15,1599.98,1285.44,1552.52,4219468.6884,5995974332.998142,188.80357142857142,58.255893467698385,,,,,314.53999999999996,24.4694423699278,,,0.12161103974736004
BTCUSDT,2023-01-15,17127.83,21258.0,17104.66,20871.5,2145455.73458,40310160794.01672,1753.5957142857146,55.870357742341575,,,,,4153.34,24.28192083327,,,0.08401867207846656
BTCUSDT,2023-01-22,20872.99,23371.8,20407.15,22707.88,2108890.06922,45622643727.577324,1839.5085714285717,62.42632364929696,,,,,2964.649999999998,14.52750629068732,,,0.08100749922179312
ETHUSDT,2023-01-22,1552.52,1679.26,1501.39,1627.44,3509158.2566,5563072183.617033,190.57142857142858,61.108922660142774,,,,,177.8699999999999,11.847021759835878,,,0.11709889677741027
BTCUSDT,2023-01-29,22706.02,23960.54,22300.0,23742.3,1946352.796,44778423206.51019,1882.6428571428573,64.29878738441079,,,,,1660.5400000000009,7.446367713004489,,,0.0792948811674883
ETHUSDT,2023-01-29,1627.43,1660.0,1518.0,1644.72,3426332.1614,5471217280.111512,192.2214285714286,59.975676021678204,,,,,142.0,9.354413702239789,,,0.11687182533892006
BTCUSDT,2023-02-05,23743.37,24255.0,22500.0,22932.91,1949971.72168,45526556536.272514,1870.2857142857144,58.03811692808046,,,,,1755.0,7.8,,,0.08155466158833373
ETHUSDT,2023-02-05,1644.73,1714.68,1535.0,1629.02,3234339.8978,5268538692.169582,180.8492857142857,51.613577809750055,,,,,179.68000000000006,11.705537459283393,,,0.11101722858791525
ETHUSDT,2023-02-12,1629.01,1697.91,1490.0,1514.83,2973123.9347,4742110523.124836,183.00857142857143,47.92391574499814,,,,,207.91000000000008,13.95369127516779,,,0.12081129329929526
BTCUSDT,2023-02-12,22932.91,23452.0,21451.0,21783.54,1976378.51282,44353818613.73314,1909.6850000000002,52.8857708580399,,,,,2001.0,9.32823644585334,,,0.08766642152744687
BTCUSDT,2023-02-19,21782.37,25250.0,21351.07,24271.76,2497565.47508,58739519125.7017,1796.6250000000002,80.25634754277728,,,,,3898.9300000000003,18.261052022217157,,,0.07402120818597417
ETHUSDT,2023-02-19,1514.82,1742.97,1461.93,1679.75,3974311.7909,6421789933.460156,164.90357142857144,70.72374371404797,,,,,281.03999999999996,19.223902649237647,,,0.09817149660876406
BTCUSDT,2023-02-26,24272.51,25250.0,22722.0,23554.85,2237983.72753,53750017281.893585,1878.997142857143,76.37325746139334,,,,,2528.0,11.125781181234046,,,0.0797711360020184
ETHUSDT,2023-02-26,1679.74,1719.89,1557.33,1641.36,3113162.2863,5123368045.573016,165.19000000000005,73.43977459497533,,,,,162.56000000000017,10.438378506803323,,,0.10064215041185362
BTCUSDT,2023-03-05,23554.85,24000.0,21971.13,22430.24,1698503.29143,39224677036.713524,1928.4428571428573,70.31952122602543,,,,,2028.869999999999,9.234254223610707,,,0.08597513255064847
ETHUSDT,2023-03-05,1641.37,1677.86,1544.39,1564.58,3002562.809,4831157752.481016,163.24785714285716,67.0067715119373,,,,,133.4699999999998,8.642247100797066,,,0.10433973152082805
ETHUSDT,2023-03-12,1564.57,1594.19,1368.39,1580.33,5261721.2704,7800469660.256953,168.03714285714287,64.7498235432515,,,,,225.79999999999995,16.501143679798883,,,0.1063304138104971
BTCUSDT,2023-03-12,22430.24,22602.19,19549.09,21997.11,2718623.72856,57109899451.5641,2051.6121428571428,66.83914064581694,,,,,3053.0999999999985,15.617606753050902,,,0.0932673493407608
ETHUSDT,2023-03-19,1580.33,1841.36,1565.0,1780.68,6262787.8403,10651976477.200106,181.55571428571426,71.49738793883873,,,,,276.3599999999999,17.658785942492006,,,0.10195864180297091
BTCUSDT,2023-03-19,21998.05,28390.1,21813.88,27972.87,3775888.94983,95305973200.80875,2468.097857142857,76.58283786740004,,,,,6576.2199999999975,30.146952307429935,,,0.08823184239382148
BTCUSDT,2023-03-26,27972.87,28868.05,26601.8,27968.05,1437828.84706,40105785082.654655,2497.070714285714,77.88356966423036,,,,,2266.25,8.519160357569788,,,0.08928297519082361
ETHUSDT,2023-03-26,1780.67,1857.16,1710.12,1773.88,4323928.0818,7671877696.937458,177.95857142857145,76.12213497453311,,,,,147.0400000000002,8.598227025004105,,,0.10032165164981365
ETHUSDT,2023-04-02,1773.88,1847.28,1686.13,1794.51,3373183.9183,6014711890.497768,183.2207142857143,75.80506424385786,,,,,161.14999999999986,9.557388813436678,,,0.10210069282740933
BTCUSDT,2023-04-02,27968.05,29184.68,26508.14,28171.87,500795.73087,13977682781.951063,2630.7542857142857,78.0036390684222,,,,,2676.540000000001,10.0970494346265,,,0.09338230957740064
BTCUSDT,2023-04-09,28171.87,28775.0,27200.24,28323.76,306532.39014,8605878331.589554,2697.5349999999994,79.00147992391794,,,,,1574.7599999999984,5.789507739637585,,,0.09523929732493142
ETHUSDT,2023-04-09,1794.51,1942.98,1762.77,1858.92,2964842.5896,5499843557.054501,192.3307142857143,78.33089563795922,,,,,180.21000000000004,10.22311475688831,,,0.10346368551939529
BTCUSDT,2023-04-16,28323.76,31000.0,28170.0,30304.65,377573.74044,11332769446.671257,2854.7999999999997,80.42684526316569,,,,,2830.0,10.046148384806532,,,0.09420336483014982
ETHUSDT,2023-04-16,1858.91,2141.54,1846.4,2118.67,3684963.8428,7344658098.943279,206.05499999999998,81.09485599333448,,,,,295.1399999999999,15.984618717504326,,,0.09725676957714036
BTCUSDT,2023-04-23,30304.66,30485.0,27125.0,27590.6,430421.84646,12389863959.154465,2798.132857142857,66.2897856151624,,,,,3360.0,12.387096774193548,,,0.1014161655470652
ETHUSDT,2023-04-23,2118.66,2125.0,1825.0,1862.0,3606341.1812,7086965465.607825,205.01642857142855,61.66493283278303,,,,,300.0,16.43835616438356,,,0.1101054933251496
BTCUSDT,2023-04-30,27590.59,30036.0,26942.82,29233.21,444613.47701,12771602994.747986,2807.3135714285713,65.97005661802388,,,,,3093.1800000000003,11.48053544506477,,,0.09603165616873999
ETHUSDT,2023-04-30,1862.01,1964.72,1785.0,1870.09,3455930.7413,6505337788.982606,205.14857142857142,59.63118495526747,,,,,179.72000000000003,10.068347338935576,,,0.10969983873961757
BTCUSDT,2023-05-07,29233.2,29820.0,27666.95,28430.1,360117.97447,10354875658.978004,2842.492857142857,61.60428109302733,,,,,2153.0499999999993,7.782028738259907,,,0.09998181002328015
ETHUSDT,2023-05-07,1870.08,2019.0,1806.12,1870.4,3206970.9473,6070225084.00406,210.21142857142857,59.079936269855324,,,,,212.8800000000001,11.786592253006452,,,0.11238848832946352
ETHUSDT,2023-05-14,1870.41,1887.47,1740.0,1799.21,3088278.6267,5624882961.753958,207.91071428571428,56.55469369834313,,,,,147.47000000000003,8.475287356321841,,,0.11555666891897792
BTCUSDT,2023-05-14,28430.09,28631.01,25811.46,26917.62,338765.74243,9246865802.238815,2918.532142857143,59.532037392227515,,,,,2819.5499999999993,10.923636245295691,,,0.10842459856618612
BTCUSDT,2023-05-21,26917.61,27663.59,26361.2,26747.78,230394.72253,6232670750.250422,2868.6314285714284,62.45910328910448,,,,,1302.3899999999994,4.940556575573188,,,0.10724745861418886
ETHUSDT,2023-05-21,1799.2,1846.7,1771.12,1804.91,1877652.6148,3407350956.478124,198.45857142857145,62.19089885184999,,,,,75.58000000000015,4.267356249153087,,,0.10995482956411756
ETHUSDT,2023-05-28,1804.91,1918.65,1761.41,1908.64,2198755.7685,4016568564.039565,189.6157142857143,60.14088875105223,,,,,157.24,8.926939213471027,,,0.09934598158150006
BTCUSDT,2023-05-28,26747.78,28261.32,25871.89,28065.0,251061.07389,6732832133.081762,2760.81,60.11469169341171,,,,,2389.4300000000003,9.235622136612363,,,0.09837199358631747
ETHUSDT,2023-06-04,1908.64,1927.62,1840.0,1890.01,1810516.8326,3418990750.083204,184.2628571428571,61.21267327447037,,,,,87.61999999999989,4.761956521739124,,,0.09749305937156792
BTCUSDT,2023-06-04,28065.01,28447.14,26505.0,27115.21,233113.44204,6370610147.837866,2718.962857142857,59.37725518620397,,,,,1942.1399999999994,7.327447651386529,,,0.10027445323649926
ETHUSDT,2023-06-11,1890.0,1898.29,1715.03,1752.76,2735840.9155,4970373524.978636,187.81928571428574,58.046969878384616,,,,,183.26,10.685527366868218,,,0.1071563053209143
BTCUSDT,2023-06-11,27115.2,27391.77,25351.02,25925.55,347786.76863,9123681850.269142,2719.8114285714287,59.17448988323314,,,,,2040.75,8.049971953791209,,,0.10490853341863253
ETHUSDT,2023-06-18,1752.77,1770.13,1626.01,1720.95,2052207.1051,3501748038.764581,181.98499999999999,55.931731515540115,,,,,144.12000000000012,8.863414124144384,,,0.10574682588105405
BTCUSDT,2023-06-18,25925.54,26839.99,24800.0,26339.97,265685.74051,6864197309.52217,2647.446428571428,61.410346414886526,,,,,2039.9900000000016,8.225766129032266,,,0.1005106091074298
BTCUSDT,2023-06-25,26339.98,31431.94,26256.61,30462.66,408189.22942,11977753742.2716,2547.382857142857,57.24733063248045,,,,,5175.329999999998,19.710579545493488,,,0.08362312605474562
ETHUSDT,2023-06-25,1720.95,1936.42,1698.0,1898.8,2571304.7446,4756279887.339061,179.27500000000003,55.079032008393376,,,,,238.42000000000007,14.041224970553598,,,0.0944148936170213
ETHUSDT,2023-07-02,1898.8,1959.2,1816.56,1937.48,2555824.0945,4814136025.350568,178.96071428571432,56.84690717334896,,,,,142.6400000000001,7.852204166116182,,,0.09236777375029126
BTCUSDT,2023-07-02,30462.67,31282.0,29500.0,30617.03,294881.44198,8977334209.174368,2512.7935714285713,57.64415207850941,,,,,1782.0,6.040677966101695,,,0.08207176108945156
BTCUSDT,2023-07-09,30617.02,31500.0,29701.02,30160.71,244056.69119,7465890814.405819,2450.110714285714,55.65675389405973,,,,,1798.9799999999996,6.056963700236556,,,0.081235180282086
ETHUSDT,2023-07-09,1937.49,1976.16,1826.0,1862.8,1745434.2954,3332053832.414675,178.1757142857143,52.73433433433434,,,,,150.16000000000008,8.223439211391023,,,0.09564940642350993
ETHUSDT,2023-07-16,1862.81,2029.11,1846.63,1922.11,2021480.9564,3896307470.325721,178.33785714285713,52.540505769308076,,,,,182.4799999999998,9.881784656374032,,,0.09278233667316498
BTCUSDT,2023-07-16,30160.71,31804.2,29900.0,30231.99,269249.39031,8259233660.698027,2473.6421428571425,55.4524814086508,,,,,1904.2000000000007,6.3685618729097015,,,0.08182200850348066
ETHUSDT,2023-07-23,1922.12,1936.18,1851.18,1888.73,1454848.7617,2760466926.697755,163.32785714285714,38.698293488518395,,,,,85.0,4.591665856372692,,,0.0864749631460596
BTCUSDT,2023-07-23,30232.0,30417.46,29512.0,30083.75,180919.27148,5421859687.909929,2336.1749999999997,49.29497359901137,,,,,905.4599999999991,3.068107888316614,,,0.07765571113973489
BTCUSDT,2023-07-30,30083.75,30099.58,28861.9,29281.09,168154.81375,4928069284.783114,2184.5807142857143,56.14514031214081,,,,,1237.6800000000003,4.288283169160728,,,0.07460721968634755
ETHUSDT,2023-07-30,1888.74,1890.86,1833.19,1861.79,1234833.0557,2301021465.901742,146.01857142857145,49.986667513173764,,,,,57.669999999999845,3.1458823144354837,,,0.07842913079808757
BTCUSDT,2023-08-06,29281.09,30047.5,28585.7,29088.42,190359.38216,5563549381.822339,2068.053571428571,49.41164997257157,,,,,1461.7999999999993,5.113745684030824,,,0.07109542462012619
ETHUSDT,2023-08-06,1861.79,1879.74,1813.8,1830.28,1323802.4295,2440238407.563495,137.89142857142858,47.54553189390483,,,,,65.94000000000005,3.6354614621237213,,,0.07533898014043129
BTCUSDT,2023-08-13,29088.43,30244.0,28701.03,29303.84,178844.98681,5273077531.6069975,2024.4764285714284,53.72849503203022,,,,,1542.9700000000012,5.376009153678461,,,0.06908570441865054
ETHUSDT,2023-08-13,1830.28,1876.51,1802.0,1840.73,1076853.3198,1987961748.621808,128.00785714285715,48.193299314342774,,,,,74.50999999999999,4.134850166481686,,,0.06954189758566283
ETHUSDT,2023-08-20,1840.73,1856.5,1550.0,1685.24,2319472.4485,3999013698.582966,139.36714285714285,43.706166267215956,,,,,306.5,19.774193548387096,,,0.08269869149625149
BTCUSDT,2023-08-20,29303.85,29695.32,25166.0,26189.99,307223.55373,8459713612.093009,2146.602857142857,47.2683341805303,,,,,4529.32,17.99777477549074,,,0.08196272152615777
ETHUSDT,2023-08-27,1685.23,1702.11,1580.0,1658.33,1662375.1205,2749362776.169276,142.69071428571428,42.090608879583854,,,,,122.1099999999999,7.7284810126582215,,,0.08604482478500315
BTCUSDT,2023-08-27,26190.0,26819.27,25300.0,26101.77,188618.43325,4923481690.987551,2162.094285714286,47.559797262331344,,,,,1519.2700000000004,6.005019762845851,,,0.08283324409472177
BTCUSDT,2023-09-03,26101.78,28142.85,25333.75,25971.21,258183.08813,6876152878.867963,2192.070714285714,41.31218283589831,,,,,2809.0999999999985,11.088370257068135,,,0.08440387314590711
ETHUSDT,2023-09-03,1658.33,1745.84,1602.33,1635.84,1763401.206,2948217467.960305,141.70999999999998,33.8652440322695,,,,,143.51,8.956332341028379,,,0.08662827660406885
ETHUSDT,2023-09-10,1635.84,1670.0,1600.0,1617.42,1308523.2053,2135106175.697674,140.45142857142858,33.8736585539004,,,,,70.0,4.375,,,0.0868367081966518
BTCUSDT,2023-09-10,25971.21,26445.5,25372.51,25841.61,156769.66561,4053984258.001291,2129.9885714285715,44.32945442370232,,,,,1072.9900000000016,4.22894699814879,,,0.08242476267649622
BTCUSDT,2023-09-17,25841.6,26888.0,24901.0,26527.51,221247.03537,5773266974.892976,2126.1492857142857,52.806026365348394,,,,,1987.0,7.979599212883016,,,0.08014884494301523
ETHUSDT,2023-09-17,1617.42,1654.08,1531.01,1622.48,1646998.1296,2641972770.20211,136.15214285714285,40.86369884148223,,,,,123.06999999999994,8.03848439918746,,,0.0839160685229666
BTCUSDT,2023-09-24,26527.5,27483.57,26122.08,26248.38,191220.58923,5139867700.209755,2077.685,49.5676008954849,,,,,1361.489999999998,5.212027526138799,,,0.07915478974321462
ETHUSDT,2023-09-24,1622.48,1669.5,1567.77,1580.71,1263736.9807,2045249408.559388,133.1242857142857,40.30071651865992,,,,,101.73000000000002,6.488834459136227,,,0.08421803222240999
BTCUSDT,2023-10-01,26248.39,28065.51,25990.46,27992.57,189937.16919,5073578850.209523,1856.2364285714284,34.96123549603588,,,,,2075.0499999999993,7.983891012317594,,,0.0663117544609669
ETHUSDT,2023-10-01,1580.71,1751.0,1563.01,1733.79,1522616.2518,2495362719.084514,129.52214285714282,38.18267757136514,,,,,187.99,12.027434245462281,,,0.07470463138969703
BTCUSDT,2023-10-08,27992.58,28580.0,27160.5,27917.05,217523.39638,6040607903.040582,1830.3435714285713,33.40222485602861,,,,,1419.5,5.226339721286427,,,0.0655636455652933
ETHUSDT,2023-10-08,1733.8,1744.0,1606.73,1632.84,1508277.4331,2494966852.120136,129.1385714285714,29.969491347114825,,,,,137.26999999999998,8.543439159037298,,,0.07908831938743012
BTCUSDT,2023-10-15,27917.06,27987.93,26538.66,27154.15,164897.39085,4470534793.716654,1805.3642857142856,32.18892103685485,,,,,1449.2700000000004,5.460976552697086,,,0.06648575947743846
ETHUSDT,2023-10-15,1632.85,1636.0,1521.0,1557.77,1491107.7151,2333403403.114516,126.62714285714283,29.954129043281668,,,,,115.0,7.5608152531229464,,,0.08128744478141371
ETHUSDT,2023-10-22,1557.78,1667.8,1541.61,1663.7,1768361.9508,2817652632.758305,122.60642857142855,33.99838999318844,,,,,126.19000000000005,8.185598173338267,,,0.0736950343039181
BTCUSDT,2023-10-22,27154.14,30379.99,27112.66,29992.46,294677.81127,8499515365.787606,1902.7307142857142,48.93135376727576,,,,,3267.3300000000017,12.050938565231156,,,0.06344030180537756
ETHUSDT,2023-10-29,1663.69,1865.54,1657.07,1795.14,2612130.0596,4642763718.313896,131.42571428571426,44.83219401221412,,,,,208.47000000000003,12.580639321211537,,,0.0732119580008881
BTCUSDT,2023-10-29,29992.46,35280.0,29883.6,34525.89,373306.40874,12510582555.688179,2223.512142857143,64.24460440882586,,,,,5396.4000000000015,18.058065293338156,,,0.0644012983548619
ETHUSDT,2023-11-05,1795.14,1912.67,1777.11,1891.71,2246065.6763,4104503766.554167,136.98928571428573,51.53413868777816,,,,,135.56000000000017,7.6281153108136355,,,0.07241558469019338
BTCUSDT,2023-11-05,34525.88,35984.99,34025.0,35011.88,249862.2126,8674977274.689405,2275.1057142857144,68.75787607630163,,,,,1959.989999999998,5.760440852314469,,,0.0649809640123785
ETHUSDT,2023-11-12,1891.71,2136.99,1850.32,2044.68,3217824.3491,6424564928.008387,152.75571428571428,59.77567025351085,,,,,286.66999999999985,15.492995806130825,,,0.07470886118400644
BTCUSDT,2023-11-12,35011.89,37972.24,34523.06,37064.13,261060.64807,9471933747.1349,2417.0614285714287,73.27278764793319,,,,,3449.1800000000003,9.990945182727142,,,0.06521295464297769
ETHUSDT,2023-11-19,2044.69,2118.0,1904.0,2011.47,2909811.5943,5837102318.256619,162.7192857142857,57.62667953116066,,,,,214.0,11.239495798319329,,,0.08089570598332846
BTCUSDT,2023-11-19,37064.13,37980.0,34800.0,37359.86,255993.59565,9352112203.070751,2533.992142857143,73.39746903676787,,,,,3180.0,9.137931034482758,,,0.06782659632175128
ETHUSDT,2023-11-26,2011.47,2133.02,1928.41,2062.33,2436005.7188,4972138606.288015,155.44142857142856,68.5808047460901,,,,,204.6099999999999,10.610295528440524,,,0.07537175358523057
BTCUSDT,2023-11-26,37359.85,38414.0,35632.01,37447.43,229889.97507,8562639983.079347,2409.182857142857,89.66876449155352,,,,,2781.989999999998,7.8075584285029045,,,0.06433506537412198
ETHUSDT,2023-12-03,2062.34,2217.27,1985.78,2192.95,2059877.6581,4280113118.443677,163.2542857142857,73.90025392510998,,,,,231.49,11.657384000241718,,,0.07444505607254415
BTCUSDT,2023-12-03,37447.42,40250.0,36707.0,39972.26,222103.26117,8487028647.022033,2553.7349999999997,91.71347613453942,,,,,3543.0,9.652109951780314,,,0.06388768110684759
ETHUSDT,2023-12-10,2192.96,2403.0,2188.33,2352.39,2855044.4905,6538123587.749961,168.33714285714288,78.5389400903305,,,,,214.67000000000007,9.80976360969324,,,0.07156004865568333
BTCUSDT,2023-12-10,39972.26,44700.0,39972.26,43789.51,332080.41362,14282421615.678154,2690.7807142857137,93.86021484201926,,,,,4727.739999999998,11.827552407594661,,,0.061448066312815866
ETHUSDT,2023-12-17,2352.39,2355.0,2144.32,2196.52,2589192.8571,5785372356.552676,178.38571428571427,70.7884609861865,,,,,210.67999999999984,9.82502611550514,,,0.08121287959395511
BTCUSDT,2023-12-17,43789.5,43804.5,40222.0,41374.65,292562.41578,12297278343.994047,2870.0314285714276,84.36838709506122,,,,,3582.5,8.906817164735717,,,0.06936690530485279
BTCUSDT,2023-12-24,41374.64,44398.26,40542.93,42991.5,245481.20612,10566656295.247065,3003.4835714285705,84.98687353929078,,,,,3855.3300000000017,9.509253524597264,,,0.06986226513214404
ETHUSDT,2023-12-24,2196.53,2343.15,2116.6,2264.05,2772501.3746,6219132304.564507,185.77714285714288,72.04238272258145,,,,,226.55000000000018,10.703486723991317,,,0.08205522972422997
ETHUSDT,2023-12-31,2264.04,2445.8,2178.45,2281.87,2701603.8776,6247569644.382104,197.60714285714286,74.49279007377599,,,,,267.35000000000036,12.272487318965338,,,0.0865987733118639
BTCUSDT,2023-12-31,42991.5,43802.32,41300.0,42283.58,228462.70228,9750360049.0337,3084.971428571429,83.46578956155876,,,,,2502.3199999999997,6.058886198547215,,,0.07295908786747549
BTCUSDT,2024-01-07,42283.58,45879.63,40750.0,43929.02,310487.48622,13613329331.073414,3303.1557142857137,83.39735569820004,,,,,5129.629999999997,12.588049079754596,,,0.07519302079321856
ETHUSDT,2024-01-07,2281.87,2431.3,2100.0,2221.42,2729092.4564,6206804228.446822,207.84357142857147,68.21241026943449,,,,,331.3000000000002,15.776190476190486,,,0.09356338352430943
BTCUSDT,2024-01-14,43929.01,48969.48,41500.0,41732.35,470798.80434,21356230439.61789,3735.297142857143,76.58833718244804,,,,,7469.480000000003,17.998746987951815,,,0.08950603411639037
ETHUSDT,2024-01-14,2221.42,2717.32,2166.38,2472.87,4583690.2125,11389137889.471537,237.3914285714286,78.20350113817209,,,,,550.94,25.431364765184316,,,0.0959983454736515
BTCUSDT,2024-01-21,41732.35,43578.01,40280.0,41580.33,238486.27274,10056011079.074232,3867.3499999999995,78.43255895356245,,,,,3298.010000000002,8.187711022840125,,,0.09300912234222286
ETHUSDT,2024-01-21,2472.87,2614.43,2415.2,2457.05,2198099.091,5517715050.678249,243.4078571428572,81.44379641673312,,,,,199.23000000000002,8.249006293474661,,,0.09906508094782654
ETHUSDT,2024-01-28,2457.06,2466.1,2168.07,2256.9,2634723.4541,5975838454.033676,255.68214285714288,69.45938853168877,,,,,298.02999999999975,13.746327378728534,,,0.11328908806643753
BTCUSDT,2024-01-28,41580.32,42842.68,38555.0,42031.06,274603.16207,11116307617.734632,3940.2321428571427,76.19189140501464,,,,,4287.68,11.12094410582285,,,0.09374572382559809
ETHUSDT,2024-02-04,2256.9,2391.98,2233.8,2289.79,1929216.6968,4446731028.459142,252.09,67.34822712446955,,,,,158.17999999999984,7.081206911988532,,,0.11009306530293171
BTCUSDT,2024-02-04,42031.05,43882.36,41804.88,42582.88,203036.61925,8713194728.762842,3703.1664285714287,71.2026833783072,,,,,2077.480000000003,4.969467679371411,,,0.08696373821055384
BTCUSDT,2024-02-11,42582.88,48592.66,42258.1,48299.99,262240.48357,11935033613.560339,4015.635714285715,77.41959180472989,,,,,6334.560000000005,14.990167565508164,,,0.08313947299545435
ETHUSDT,2024-02-11,2289.79,2539.63,2269.11,2507.21,2183844.0391,5290160181.094481,261.73,69.89977368250891,,,,,270.52,11.921854824138096,,,0.10439093653902147
BTCUSDT,2024-02-18,48300.0,52816.62,47710.01,52137.67,310862.3017,15789798425.184841,4134.023571428573,78.96921489763413,,,,,5106.610000000001,10.70343519106368,,,0.07929053161425459
ETHUSDT,2024-02-18,2507.22,2895.0,2472.0,2881.2,2884670.9657,7866239122.450827,271.46785714285716,73.66366434326062,,,,,423.0,17.111650485436893,,,0.09422041411316714
ETHUSDT,2024-02-25,2881.2,3122.0,2856.93,3112.59,3325600.6648,9835240917.647,275.11571428571426,78.00834308388872,,,,,265.07000000000016,9.27814122152101,,,0.08838803513656288
BTCUSDT,2024-02-25,52137.68,52985.0,50521.0,51728.85,223366.16186,11519591601.715067,4082.8807142857154,77.49564956484168,,,,,2464.0,4.877179786623384,,,0.078928503422862
BTCUSDT,2024-03-03,51728.85,64000.0,50901.44,63113.97,417907.83383,24884787678.711815,4819.778571428572,84.28869226379162,,,,,13098.559999999998,25.733181615294175,,,0.07636627154698987
ETHUSDT,2024-03-03,3112.6,3522.81,3036.59,3487.81,3918303.8282,13040120115.629751,295.2307142857143,81.12320201217437,,,,,486.2199999999998,16.012039820983397,,,0.08464644412560154
BTCUSDT,2024-03-10,63113.97,69990.0,59005.0,68955.88,481870.181782,32048902066.64221,5351.35,85.567786335233,,,,,10985.0,18.617066350309297,,,0.0776054195813323
ETHUSDT,2024-03-10,3487.8,3993.75,3200.0,3878.47,4876443.9626,18214060825.646652,335.3921428571429,83.04811576016628,,,,,793.75,24.8046875,,,0.08647537375747213
ETHUSDT,2024-03-17,3878.47,4093.92,3412.0,3644.71,4498501.7667,17206654474.63287,368.7671428571429,74.62105912925524,,,,,681.9200000000001,19.98593200468933,,,0.10117873379696682
BTCUSDT,2024-03-17,68955.88,73777.0,64533.0,68393.48,477496.91752,33401114461.52805,5673.940000000001,82.8146126833354,,,,,9244.0,14.324454155238406,,,0.08296024708788033
ETHUSDT,2024-03-24,3644.7,3645.02,3056.56,3454.98,4573957.9796,15435917706.705185,395.7514285714286,73.67056893931415,,,,,588.46,19.252362132593507,,,0.11454521547778239
BTCUSDT,2024-03-24,68393.47,68956.0,60775.0,67209.99,409762.74414,26650024155.369255,6002.404285714287,85.62710884610783,,,,,8181.0,13.461127108185932,,,0.0893082157237977
ETHUSDT,2024-03-31,3454.99,3678.86,3420.12,3645.29,2678017.3235,9535234404.393774,398.05071428571426,74.83297735395857,,,,,258.74000000000024,7.565231629299564,,,0.10919589779845068
BTCUSDT,2024-03-31,67210.0,71769.54,66385.06,71280.01,235409.95755,16447219313.362337,6111.629285714286,86.5379354527055,,,,,5384.479999999996,8.110981597365425,,,0.08574113956653888
ETHUSDT,2024-04-07,3645.29,3645.95,3202.79,3454.2,2537269.621,8512590174.720036,410.6085714285714,69.8408776270762,,,,,443.15999999999985,13.836686139272317,,,0.11887226316616624
BTCUSDT,2024-04-07,71280.0,71288.23,64493.07,69360.39,274227.11488,18477347510.28267,6418.260714285714,83.91141914968497,,,,,6795.159999999996,10.536263818732767,,,0.09253495711724968
ETHUSDT,2024-04-14,3454.2,3730.71,2852.0,3155.11,4111856.8835,13628708835.829506,449.70928571428567,64.62102681829144,,,,,878.71,30.81030855539972,,,0.14253363138346545
BTCUSDT,2024-04-14,69360.38,72797.99,60660.57,65661.84,348008.31904,23573044024.56447,6918.817142857144,75.88722211475331,,,,,12137.420000000006,20.008747032874908,,,0.1053704426019305
BTCUSDT,2024-04-21,65661.85,66867.07,59600.01,64941.15,312265.13225,19770016571.144737,6904.358571428572,78.65285365573023,,,,,7267.060000000005,12.193051645461141,,,0.10631715901902833
ETHUSDT,2024-04-21,3155.11,3277.85,2865.18,3147.67,3082901.5669,9470667441.476887,439.8328571428571,61.44132168628942,,,,,412.6700000000001,14.402934545124568,,,0.13973283639735332
BTCUSDT,2024-04-28,64941.15,67232.35,62391.24,63118.62,183902.50753,11912668416.230446,7014.580000000002,75.53715880465228,,,,,4841.110000000008,7.759278385875978,,,0.1111332915706966
ETHUSDT,2024-04-28,3147.66,3357.4,3066.74,3263.45,2171496.9307,6935610810.162968,446.36357142857145,63.2243548535219,,,,,290.6600000000003,9.47781683481483,,,0.13677659269440975
BTCUSDT,2024-05-05,63118.62,64734.0,56552.82,64012.0,298372.0172,18009828104.661854,7292.687142857144,75.79127001671317,,,,,8181.18,14.466440400319561,,,0.11392687531802075
ETHUSDT,2024-05-05,3263.44,3286.95,2817.0,3136.41,2745302.3283,8346598802.826688,458.6435714285714,64.77765717569335,,,,,469.9499999999998,16.68264110756123,,,0.1462320205038791
ETHUSDT,2024-05-12,3136.4,3221.4,2878.03,2929.29,1733118.1611,5234584515.657297,471.8714285714286,60.15066475346345,,,,,343.3699999999999,11.930730395444101,,,0.1610873039444468
BTCUSDT,2024-05-12,64012.0,65500.0,60187.12,61483.99,179712.75232,11213593898.291069,7523.787142857144,71.19465576181567,,,,,5312.879999999997,8.827270685156554,,,0.12236985828110936
BTCUSDT,2024-05-19,61484.0,67700.0,60749.21,66274.01,195247.04901,12599942771.404057,7567.803571428572,70.58302551586908,,,,,6950.790000000001,11.441778419834597,,,0.11418961326511815
ETHUSDT,2024-05-19,2929.3,3146.98,2862.0,3071.19,2006314.8675,6004690659.156336,472.9042857142857,59.1718382056386,,,,,284.98,9.95737246680643,,,0.1539807975782305
BTCUSDT,2024-05-26,66274.0,71979.0,66060.31,68507.67,220708.83749,15256004970.768106,7625.809285714286,69.46111842108392,,,,,5918.690000000002,8.959525015852941,,,0.11131321917260192
ETHUSDT,2024-05-26,3071.2,3949.29,3047.67,3826.47,4432688.1628,16338483865.622902,507.09142857142854,63.67653314273644,,,,,901.6199999999999,29.583911643977196,,,0.13252199248169425
ETHUSDT,2024-06-02,3826.47,3977.0,3702.58,3780.91,2008150.8132,7679253180.896152,507.75928571428574,60.21902274631649,,,,,274.4200000000001,7.411588676004302,,,0.13429552295989214
BTCUSDT,2024-06-02,68507.67,70687.56,66670.0,67765.63,158352.25614,10805470652.432423,7736.777857142857,68.91511588188561,,,,,4017.5599999999977,6.0260386980650935,,,0.11416964406798633
BTCUSDT,2024-06-09,67765.62,71997.02,67612.48,69648.14,165061.19141,11582063276.178585,7114.347857142858,59.93372217862417,,,,,4384.540000000008,6.484808721703461,,,0.10214698995756179
ETHUSDT,2024-06-09,3780.92,3887.47,3600.0,3706.4,1598380.5436,6034179619.734213,493.5628571428571,53.68087105584874,,,,,287.4699999999998,7.985277777777772,,,0.13316502728870525
BTCUSDT,2024-06-16,69648.15,70195.94,65078.0,66676.87,174066.07718,11762729785.61039,6695.272142857144,46.20395167063702,,,,,5117.940000000002,7.864316666154464,,,0.1004137138239564
ETHUSDT,2024-06-16,3706.4,3713.67,3362.26,3624.41,2002012.3791,7087849909.857178,461.96714285714285,45.22551304217094,,,,,351.40999999999985,10.451601006465884,,,0.1274599570294594
ETHUSDT,2024-06-23,3624.41,3638.37,3355.0,3420.91,2029677.9377,7112323793.953529,433.4992857142857,45.745797121284696,,,,,283.3699999999999,8.446199701937404,,,0.12672045909254723
BTCUSDT,2024-06-23,66676.86,67298.81,63178.32,63210.01,155589.33133,10122248450.960327,6329.307142857144,42.127805629255235,,,,,4120.489999999998,6.521999951882225,,,0.10013140549822953
BTCUSDT,2024-06-30,63210.01,63369.8,58402.0,62772.01,177837.60164,10895644844.968416,6099.792857142858,43.10383514269127,,,,,4967.800000000003,8.506215540563684,,,0.09717376991979161
ETHUSDT,2024-06-30,3420.91,3487.7,3240.0,3438.16,1642583.3763,5547126323.627669,409.15928571428566,49.657832423327605,,,,,247.69999999999982,7.6450617283950555,,,0.11900530682524539
BTCUSDT,2024-07-07,62772.01,63861.76,53485.93,55857.81,251967.61048,14670868704.863087,6456.317857142859,27.981710579892138,,,,,10375.830000000002,19.399176568491942,,,0.11558487268195547
ETHUSDT,2024-07-07,3438.16,3524.94,2810.0,2931.0,2404392.0416,7498059619.356597,441.74499999999995,37.128564786950705,,,,,714.94,25.44270462633452,,,0.1507147731149778
BTCUSDT,2024-07-14,55857.81,61420.69,54260.16,60797.91,190723.74928,11007710725.574991,6482.415714285717,38.745964309804314,,,,,7160.529999999999,13.196662155069205,,,0.10662234465437573
ETHUSDT,2024-07-14,2930.99,3268.72,2822.8,3245.08,1811337.9883,5573493038.890996,441.9421428571428,46.39162094074611,,,,,445.9199999999996,15.797080912569067,,,0.13618836603632048
BTCUSDT,2024-07-21,60797.91,68366.66,60632.3,68165.34,205198.52303,13292211903.247015,6167.91142857143,53.00102851306739,,,,,7734.360000000001,12.756171215672174,,,0.09048456926308049
ETHUSDT,2024-07-21,3245.2,3547.0,3233.22,3535.92,1896101.9183,6524810522.315507,401.59,56.58966239249684,,,,,313.7800000000002,9.704876253394454,,,0.11357440213579492
BTCUSDT,2024-07-28,68165.35,69399.99,63456.7,68249.88,177889.46168,11859803772.719894,6073.356428571431,54.027713024244946,,,,,5943.290000000008,9.365898321217474,,,0.08898706383910757
ETHUSDT,2024-07-28,3535.93,3562.82,3087.53,3270.16,2073949.1765,6911215081.866561,406.06285714285707,51.94566312024067,,,,,475.28999999999996,15.393858521212747,,,0.12417216807216072
BTCUSDT,2024-08-04,68249.88,70079.99,57122.77,58161.0,216238.9234,13848492540.56757,6653.078571428573,44.97615568422951,,,,,12957.220000000008,22.683108679778673,,,0.11439071837534728
ETHUSDT,2024-08-04,3270.16,3396.77,2630.0,2688.92,2315109.2317,7129388578.982741,440.0707142857142,42.04963426075838,,,,,766.77,29.154752851711024,,,0.1636607687419909
ETHUSDT,2024-08-11,2688.91,2724.1,2111.0,2555.38,5404357.4398,13153948177.472483,450.29571428571415,41.97412514193048,,,,,613.0999999999999,29.043107531975366,,,0.1762147759964131
BTCUSDT,2024-08-11,58161.0,62745.14,49000.0,58712.59,370726.80645,20664617446.70927,7050.504285714288,44.59234055475701,,,,,13745.14,28.051306122448977,,,0.12008504965824687
ETHUSDT,2024-08-18,2555.38,2780.0,2510.05,2612.15,2038545.3388,5386366733.823856,445.05142857142846,45.42944272463669,,,,,269.9499999999998,10.754765841317894,,,0.17037743949291903
BTCUSDT,2024-08-18,58712.59,61800.0,56078.54,58427.35,179945.24534,10641038279.55444,7079.688571428574,46.73130959352251,,,,,5721.459999999999,10.202583733456683,,,0.12117079709123507
BTCUSDT,2024-08-25,58427.35,65000.0,57787.3,64220.0,169792.31289,10379608164.001375,7098.396428571431,47.84960814690937,,,,,7212.699999999997,12.4814621897891,,,0.11053248876629447
ETHUSDT,2024-08-25,2612.15,2820.0,2536.22,2746.13,1770389.3741,4723655770.482488,444.9657142857142,45.304582459424644,,,,,283.7800000000002,11.189092428890248,,,0.16203373994884226
ETHUSDT,2024-09-01,2746.12,2762.0,2392.96,2425.72,1972091.5264,5004467674.398416,406.9242857142857,26.85927066434502,,,,,369.03999999999996,15.421904252473922,,,0.16775402178086743
BTCUSDT,2024-09-01,64219.99,64481.0,57201.0,57301.86,176518.33308,10600417563.383625,7195.632857142859,39.31629212036966,,,,,7280.0,12.727050226394642,,,0.12557415862491828
ETHUSDT,2024-09-08,2425.71,2564.83,2150.55,2297.3,2205410.4186,5206588826.169381,416.91428571428565,26.14353020630658,,,,,414.27999999999975,19.2639092325219,,,0.1814801226284271
BTCUSDT,2024-09-08,57301.77,59809.65,52550.0,54869.95,196506.89846,11053922343.01961,7427.210714285716,38.08896258348832,,,,,7259.6500000000015,13.814747859181734,,,0.13536026029339768
ETHUSDT,2024-09-15,2297.3,2464.82,2272.8,2316.1,1582774.647,3729373125.166652,410.0964285714285,27.236110474369127,,,,,192.01999999999998,8.448609644491373,,,0.17706335157006542
BTCUSDT,2024-09-15,54869.95,60625.0,54591.96,59132.0,175833.33846,10149277815.875195,7544.960714285716,40.695799150848146,,,,,6033.040000000001,11.051151121886814,,,0.12759522279452268
BTCUSDT,2024-09-22,59132.0,64133.32,57493.3,63578.76,178097.29669,10891159206.155716,7653.680714285715,47.328678950168445,,,,,6640.019999999997,11.549206603204192,,,0.1203810944769246
ETHUSDT,2024-09-22,2316.09,2632.57,2252.39,2581.0,1934203.9178,4685733392.628976,412.1514285714285,33.88132791620967,,,,,380.1800000000003,16.878959682825812,,,0.15968672164720205
ETHUSDT,2024-09-29,2580.99,2728.6,2539.49,2657.62,1700523.1697,4498680076.506807,405.4185714285714,37.72754898272219,,,,,189.11000000000013,7.446770808311911,,,0.15254948842519675
BTCUSDT,2024-09-29,63578.76,66498.0,62538.75,65602.01,132963.29721,8567141508.640134,7642.163571428572,52.11513926848014,,,,,3959.25,6.330874857588295,,,0.11649282653730537
BTCUSDT,2024-10-06,65602.01,65618.8,59828.11,62819.91,169447.68762,10514477581.542383,7700.941428571429,50.040669845084395,,,,,5790.690000000002,9.678878373393381,,,0.12258759091777477
ETHUSDT,2024-10-06,2657.62,2663.5,2310.0,2440.03,1866301.096,4606589002.490642,412.9757142857143,34.92300860092264,,,,,353.5,15.303030303030301,,,0.16925026097454304
ETHUSDT,2024-10-13,2440.02,2521.0,2330.66,2468.91,1496864.6501,3643786014.981187,375.50428571428574,41.841141593951605,,,,,190.34000000000015,8.166785374100046,,,0.15209314463236237
BTCUSDT,2024-10-13,62819.91,64478.19,58946.0,62870.02,136109.36376,8452537409.97433,7354.967142857144,56.73930196685232,,,,,5532.190000000002,9.38518304889221,,,0.11698687455256328
BTCUSDT,2024-10-20,62870.02,69400.0,62457.81,69031.99,185982.16665,12444288143.453651,7339.3714285714295,57.73202130013135,,,,,6942.190000000002,11.115007074375491,,,0.10631841018303875
ETHUSDT,2024-10-20,2468.92,2759.0,2443.39,2746.91,1988901.4205,5206160694.830305,366.19642857142856,41.0905839220245,,,,,315.6100000000001,12.916890058484325,,,0.133312132021591
ETHUSDT,2024-10-27,2746.91,2769.48,2382.59,2507.8,2121027.5261,5413040035.169484,371.41857142857145,31.266171529362026,,,,,386.8899999999999,16.238211358227804,,,0.14810533991090655
BTCUSDT,2024-10-27,69032.0,69519.52,65260.0,68021.7,159069.27886,10705517767.950565,7091.168571428572,49.84683131482797,,,,,4259.520000000004,6.526999693533564,,,0.10424862318096391
BTCUSDT,2024-11-03,68021.69,73620.12,67478.73,68775.99,209232.69647,14758183887.5345,7105.318571428572,50.55311030056626,,,,,6141.389999999999,9.101223452190045,,,0.10331103298445535
ETHUSDT,2024-11-03,2507.8,2722.3,2411.0,2457.73,2528794.7142,6494533272.236448,359.70500000000004,33.93346596369935,,,,,311.3000000000002,12.911654914973047,,,0.1463565973479593
BTCUSDT,2024-11-10,68775.99,81500.0,66835.0,80370.01,327445.15705,24423000720.337807,7227.302857142858,72.632523356562,,,,,14665.0,21.94209620707713,,,0.08992536963903398
ETHUSDT,2024-11-10,2457.73,3248.52,2357.59,3183.21,4332044.1216,12254283825.526213,368.5735714285714,59.247465922314476,,,,,890.9299999999998,37.789861680784185,,,0.11578675972636786
BTCUSDT,2024-11-17,80370.01,93265.64,80216.01,89855.99,417630.302334,36847212262.09091,7177.623571428572,76.84833261952497,,,,,13049.630000000005,16.26811156525986,,,0.07987918859308736
ETHUSDT,2024-11-17,3183.2,3442.5,3014.5,3076.0,4891858.4823,15651514800.397694,355.3521428571429,59.83697623798295,,,,,428.0,14.198042793166362,,,0.11552410365966934
ETHUSDT,2024-11-24,3075.99,3497.51,3029.41,3361.2,4422697.3945,14359951159.279036,369.50571428571436,63.02845196144253,,,,,468.10000000000036,15.45185366127399,,,0.10993267710511555
BTCUSDT,2024-11-24,89855.98,99588.01,89376.9,97900.04,303784.771782,28960077328.12774,7498.312857142858,80.01379917171514,,,,,10211.11,11.424775305476025,,,0.07659151985170648
ETHUSDT,2024-12-01,3361.21,3746.8,3252.0,3707.61,4295514.8505,15145348057.627445,384.5785714285715,65.57254381134399,,,,,494.8000000000002,15.21525215252153,,,0.10372681361539414
BTCUSDT,2024-12-01,97900.05,98871.8,90791.1,97185.18,237818.37314,22633035165.957863,7560.312857142858,77.16323295832647,,,,,8080.699999999997,8.90032172757021,,,0.0777928574824151
ETHUSDT,2024-12-08,3707.61,4087.73,3500.0,4004.15,4669905.3912,17726491167.830585,400.1992857142858,75.76414438354288,,,,,587.73,16.792285714285715,,,0.09994612732147541
BTCUSDT,2024-12-08,97185.17,104088.0,90500.0,101109.59,302152.735462,29754805118.29742,8010.884285714286,87.9708179013817,,,,,13588.0,15.01436464088398,,,0.0792297178310612
BTCUSDT,2024-12-15,101109.6,105250.0,94150.05,104463.99,230968.339905,22903414201.63891,8285.191428571428,92.30956785478703,,,,,11099.949999999997,11.789637923718571,,,0.07931145870047111
ETHUSDT,2024-12-15,4004.15,4006.17,3509.0,3959.09,3822903.4975,14508040452.656614,406.12000000000006,77.88359894894745,,,,,497.1700000000001,14.168424052436594,,,0.10257912803194674
BTCUSDT,2024-12-22,104463.99,108353.0,92232.54,95186.27,281544.242246,28327504722.7653,9005.721428571429,78.33376634460373,,,,,16120.460000000006,17.47806143038022,,,0.09461155929916604
ETHUSDT,2024-12-22,3959.09,4107.8,3101.9,3281.83,5094815.4058,18269374045.52081,464.2542857142858,63.271610876418585,,,,,1005.9000000000001,32.42851155743254,,,0.14146201531288513
BTCUSDT,2024-12-29,95186.28,99963.7,92520.0,93738.2,140614.68725,13464079520.22844,9063.127142857144,74.87355160005225,,,,,7443.699999999997,8.045503674881104,,,0.09668552567530786
ETHUSDT,2024-12-29,3281.83,3547.95,3216.97,3356.48,2008743.4021,6800837859.46738,460.7400000000001,61.24509872160739,,,,,330.98,10.28856346189116,,,0.1372688054151969
ETHUSDT,2025-01-05,3356.48,3675.25,3305.0,3635.99,1971470.8374,6822460575.039922,473.6785714285715,63.39876799864145,,,,,370.25,11.202723146747353,,,0.1302749928983775
BTCUSDT,2025-01-05,93738.19,98976.91,91530.45,98363.61,111914.7951,10674467144.692244,9312.213571428572,75.90764045114418,,,,,7446.460000000006,8.135500262480964,,,0.09467132785619166
ETHUSDT,2025-01-12,3636.0,3744.83,3158.0,3267.3,2728455.8925,9209928045.907148,490.3450000000001,60.879205275021235,,,,,586.8299999999999,18.582330588980366,,,0.15007651577755335
BTCUSDT,2025-01-12,98363.61,102724.38,91203.67,94545.06,172710.45967,16575552484.727848,9721.500714285718,74.68340425677589,,,,,11520.710000000006,12.631849135018367,,,0.10282399433969071
ETHUSDT,2025-01-19,3267.3,3525.72,2920.0,3215.12,4650735.5624,15205766897.580929,520.015,59.753435615378386,,,,,605.7199999999998,20.74383561643835,,,0.16174046380850482
BTCUSDT,2025-01-19,94545.07,106422.43,89256.69,101331.57,235685.9926,23454059104.495827,10552.468571428573,77.08539640478739,,,,,17165.73999999999,19.231880545872798,,,0.10413801514600605
ETHUSDT,2025-01-26,3215.2,3453.69,3142.78,3232.61,3594143.0907,11857347989.506153,519.6792857142857,56.81232923593072,,,,,310.90999999999985,9.892833733191628,,,0.16076151645706896
BTCUSDT,2025-01-26,101331.57,109588.0,99550.0,102620.0,254162.140922,26566887282.470535,10773.597857142859,75.39659676026383,,,,,10038.0,10.083375188347564,,,0.10498536208480665
ETHUSDT,2025-02-02,3232.61,3437.31,2750.71,2869.68,3917894.0487,12298672037.760267,541.0871428571429,54.905277768741115,,,,,686.5999999999999,24.960828295240134,,,0.1885531288705162
BTCUSDT,2025-02-02,102620.01,106457.44,96150.0,97700.59,184203.26328,18709972488.166306,11205.592142857144,71.18827701881214,,,,,10307.440000000002,10.720166406656269,,,0.11469318806423937
BTCUSDT,2025-02-09,97700.59,102500.01,91231.0,96462.75,221243.61368,21513829754.524292,11571.850714285714,69.63052572856986,,,,,11269.009999999995,12.352171959092846,,,0.11996185796367732
ETHUSDT,2025-02-09,2869.68,2921.0,2125.01,2627.18,6935945.7161,18570233463.34604,575.7078571428572,52.18300949985957,,,,,795.9899999999998,37.458176667403905,,,0.21913529226884235
ETHUSDT,2025-02-16,2627.18,2795.45,2546.92,2661.41,2786533.3434,7434452424.128744,529.8221428571429,41.820957659583804,,,,,248.52999999999975,9.75806071647322,,,0.1990757316073596
BTCUSDT,2025-02-16,96462.75,98826.0,94088.23,96118.12,122007.40976,11802790168.78367,10862.76285714286,63.28499937658457,,,,,4737.770000000004,5.035454487771748,,,0.11301472456122592
ETHUSDT,2025-02-23,2661.41,2857.34,2605.44,2819.69,3853924.8175,10527281955.20741,517.2435714285714,46.04573378628974,,,,,251.9000000000001,9.66823262097765,,,0.18343987155629568
BTCUSDT,2025-02-23,96118.12,99475.0,93388.09,96258.0,127758.44873,12324237789.0894,10365.425714285715,56.41173403583874,,,,,6086.9100000000035,6.517865393756317,,,0.10768378435335987
ETHUSDT,2025-03-02,2819.7,2839.95,2076.26,2518.11,6704218.924,15867061335.796768,538.3571428571428,37.0584930510145,,,,,763.6899999999996,36.782002254052934,,,0.21379413244740808
BTCUSDT,2025-03-02,96258.0,96500.0,78258.52,94270.0,373604.39736,32435219173.540478,10939.02357142857,45.86255348986919,,,,,18241.479999999996,23.30925757348848,,,0.11603928685083877
ETHUSDT,2025-03-09,2518.12,2523.56,1989.66,2020.41,5364278.6674,11684745412.530462,541.1499999999999,25.25083612040133,,,,,533.8999999999999,26.83373038609611,,,0.26784167569948664
BTCUSDT,2025-03-09,94269.99,94416.46,80000.0,80734.37,284471.65101,24921880717.486378,11391.577857142858,35.49026978654902,,,,,14416.460000000006,18.020575000000008,,,0.14109948287381024
ETHUSDT,2025-03-16,2020.43,2152.4,1754.28,1887.0,4688568.5488,8968293090.227163,527.6064285714285,17.382998456309878,,,,,398.1200000000001,22.69421073032812,,,0.27960065107123927
BTCUSDT,2025-03-16,80734.48,85309.71,76606.0,82574.53,211663.09876,17327628706.605408,11042.7,33.02794414540598,,,,,8703.710000000006,11.361655744980819,,,0.13373009813074324
ETHUSDT,2025-03-23,1887.01,2069.9,1872.31,2005.99,2463197.0745,4853717930.178929,506.20785714285705,20.580526601192986,,,,,197.59000000000015,10.553273763425937,,,0.2523481458745343
BTCUSDT,2025-03-23,82574.52,87453.67,81134.66,86082.5,110906.17448,9329649014.833572,10701.204285714286,33.21576800994774,,,,,6319.009999999995,7.788299106694961,,,0.12431335388394024
ETHUSDT,2025-03-30,2005.99,2104.11,1767.69,1807.74,2960069.0978,5815598225.19042,458.3878571428571,24.051274648903856,,,,,336.4200000000001,19.031617534748744,,,0.2535695714775671
BTCUSDT,2025-03-30,86082.5,88765.43,81565.0,82389.99,137009.32282,11807444546.3243,10064.059285714287,36.98850995464992,,,,,7200.429999999993,8.827842824740996,,,0.12215148084997081
ETHUSDT,2025-04-06,1807.74,1957.0,1537.5,1580.76,3964057.6385,7094162396.628329,464.71071428571423,20.332673955465253,,,,,419.5,27.284552845528452,,,0.2939792974807777
BTCUSDT,2025-04-06,82390.0,88500.0,77153.83,78430.0,178247.49297,14830038673.832634,10342.807142857142,35.1908448344314,,,,,11346.169999999998,14.705906369132936,,,0.13187309885065845
BTCUSDT,2025-04-13,78430.0,86100.0,74508.0,83760.0,300064.17057,24004290984.868206,10638.917142857143,36.06246746724679,,,,,11592.0,15.558060879368659,,,0.12701668031109292
ETHUSDT,2025-04-13,1580.77,1689.0,1385.05,1597.76,7601517.2827,11742052640.040867,459.9749999999999,12.672651554276058,,,,,303.95000000000005,21.94505613515758,,,0.28788741738433804
ETHUSDT,2025-04-20,1597.76,1691.5,1538.07,1587.36,2882924.9212,4633183231.123708,429.01785714285705,14.586916928058287,,,,,153.43000000000006,9.975488761889906,,,0.2702713040160122
BTCUSDT,2025-04-20,83760.0,86496.42,83111.64,85179.24,108454.4036,9186799558.88789,10057.779285714283,40.63234393941214,,,,,3384.779999999999,4.072570340327779,,,0.11807782372458692
ETHUSDT,2025-04-27,1587.36,1857.47,1537.26,1791.29,4456545.8725,7712990841.023184,408.6242857142857,21.79048766280853,,,,,320.21000000000004,20.829918166087715,,,0.2281173264598617
BTCUSDT,2025-04-27,85179.24,95758.04,85144.76,93749.3,170625.92469,15651324594.526102,9589.746428571429,42.67749583524469,,,,,10613.279999999999,12.464983165141343,,,0.10229139234715809
ETHUSDT,2025-05-04,1791.29,1873.17,1731.7,1808.86,2941122.6775,5335733332.269067,396.52142857142854,21.792966815255085,,,,,141.47000000000003,8.169428884910783,,,0.21921067886482568
BTCUSDT,2025-05-04,93749.29,97895.68,92800.01,94277.62,113820.08215,10854207285.681479,9236.722857142857,41.82338292268499,,,,,5095.669999999998,5.491023115191473,,,0.0979736533139345
ETHUSDT,2025-05-11,1808.86,2608.13,1752.0,2514.57,6134223.597,13476545428.78291,408.6307142857143,43.80592563133825,,,,,856.1300000000001,48.86586757990868,,,0.16250520537734653
BTCUSDT,2025-05-11,94277.61,104984.57,93377.0,104118.0,145910.00118,14583509603.593487,9329.589285714286,55.73652877887233,,,,,11607.570000000007,12.430866273279296,,,0.08960592102916197
ETHUSDT,2025-05-18,2514.58,2738.5,2323.21,2497.78,5609427.8904,14292897536.324394,381.43785714285707,47.55000340803236,,,,,415.28999999999996,17.87569784909672,,,0.1527107500031456
BTCUSDT,2025-05-18,104118.0,106660.0,100718.37,106454.26,135512.85987,14045950516.802755,8949.062142857143,58.75940661052025,,,,,5941.630000000005,5.8992515466642335,,,0.08406485698982026
ETHUSDT,2025-05-25,2497.78,2734.23,2348.38,2551.22,5076059.3723,12935524012.843035,391.24642857142857,47.92878275808919,,,,,385.8499999999999,16.4304754767116,,,0.15335660137950807
BTCUSDT,2025-05-25,106454.27,111980.0,102000.0,109004.19,197357.632795,21277599019.749615,9323.507142857143,60.87646292527153,,,,,9980.0,9.784313725490195,,,0.0855334748403446
BTCUSDT,2025-06-01,109004.2,110718.0,103068.55,105642.93,116099.819,12434225737.29786,9435.117142857143,57.51278704303942,,,,,7649.449999999997,7.421711084516079,,,0.08931139209085874
ETHUSDT,2025-06-01,2551.22,2788.0,2468.56,2539.21,4022669.1595,10506733266.467949,396.07071428571425,44.421106231302915,,,,,319.44000000000005,12.940337686748551,,,0.15598186612596604
BTCUSDT,2025-06-08,105642.93,106794.67,100372.26,105734.0,95301.97979,9961179243.803814,8590.897857142858,59.46455892546543,,,,,6422.4100000000035,6.398590606607845,,,0.08125009795470575
ETHUSDT,2025-06-08,2539.2,2679.88,2381.49,2509.83,3344811.759,8504029604.299518,362.83500000000004,49.815307196773674,,,,,298.3900000000003,12.529550827423183,,,0.14456556818589308
ETHUSDT,2025-06-15,2509.84,2879.22,2436.98,2547.61,5090252.9755,13499020284.671986,356.2878571428572,64.79535708672907,,,,,442.2399999999998,18.14705085802919,,,0.13985180508117695
BTCUSDT,2025-06-15,105734.01,110530.17,102664.31,105594.01,110085.74896,11781363878.996988,8122.997857142857,76.35271080671839,,,,,7865.860000000001,7.661727819531443,,,0.0769266917426742
ETHUSDT,2025-06-22,2547.62,2680.34,2111.89,2227.7,4122506.1539,10085266245.111221,368.45428571428573,58.655380206692605,,,,,568.4500000000003,26.91664812087752,,,0.1653967256427193
BTCUSDT,2025-06-22,105594.02,108952.38,98200.0,100963.87,110755.93156,11499746029.506609,8269.331428571428,68.40512423454354,,,,,10752.380000000005,10.949470468431777,,,0.08190386747825165
BTCUSDT,2025-06-29,100963.87,108528.5,99613.33,108356.93,91938.97808,9702411319.591393,8454.771428571428,70.68491430793793,,,,,8915.169999999998,8.949776099242941,,,0.07802704846447227
ETHUSDT,2025-06-29,2227.7,2525.0,2188.0,2500.09,2961524.7848,7111412129.886653,378.4121428571429,61.644842897140755,,,,,337.0,15.402193784277879,,,0.1513594082041618
BTCUSDT,2025-07-06,108356.93,110529.18,105100.19,109203.84,72977.1763,7893875266.129643,8328.24,76.28983573614008,,,,,5428.989999999991,5.165537759731919,,,0.07626325228123847
ETHUSDT,2025-07-06,2500.09,2635.5,2373.0,2570.35,2819702.2414,7105521346.542503,373.13214285714287,69.12693436332171,,,,,262.5,11.061946902654867,,,0.14516783428604776
BTCUSDT,2025-07-13,109203.85,119488.0,107429.57,119086.64,104658.05244,11914188167.579575,8379.115714285714,85.7142079100595,,,,,12058.429999999993,11.224498059519359,,,0.07036150918596505
ETHUSDT,2025-07-13,2570.35,3040.15,2512.0,2972.03,3937696.2647,11110426793.710058,380.89285714285717,82.08278565663554,,,,,528.1500000000001,21.0250796178344,,,0.1281591562477018
BTCUSDT,2025-07-20,119086.65,123218.0,115736.92,117265.12,131579.689337,15627517466.260357,8085.478571428571,81.36540940863424,,,,,7481.080000000002,6.463866499989806,,,0.06895041399717641
ETHUSDT,2025-07-20,2972.03,3824.56,2932.46,3756.69,6187124.6691,20822649412.4534,422.90357142857147,86.76764614719116,,,,,892.0999999999999,30.42155732729517,,,0.11257345467115239
BTCUSDT,2025-07-27,117265.11,120247.8,114723.16,119415.55,123158.43225,14485636079.234346,8238.325714285715,81.61706973848274,,,,,5524.639999999999,4.815627463539183,,,0.06898871808810254
ETHUSDT,2025-07-27,3756.69,3879.82,3502.85,3872.1,4861139.2263,18007584625.93094,438.8707142857143,87.56659168935717,,,,,376.97000000000025,10.761808241860207,,,0.11334178205255915
ETHUSDT,2025-08-03,3872.11,3941.0,3354.28,3496.74,3821131.0731,14115448195.529034,457.9071428571429,76.54520833657602,,,,,586.7199999999998,17.491682268623958,,,0.1309525852242783
BTCUSDT,2025-08-03,119415.56,119800.0,111920.0,114208.8,105088.6224,12233372563.139738,8043.091428571429,70.1457024798922,,,,,7880.0,7.040743388134382,,,0.07042444565192374
BTCUSDT,2025-08-10,114208.81,119311.11,112650.0,119294.01,78822.4007,9142519780.20393,8154.908571428571,72.60420079547184,,,,,6661.110000000001,5.913102529960054,,,0.06835974892141333
ETHUSDT,2025-08-10,3496.75,4332.6,3490.73,4250.57,3859485.7789,15036323980.325966,507.93571428571437,80.91860173580069,,,,,841.8700000000003,24.117304976323016,,,0.11949825888897593
BTCUSDT,2025-08-17,119294.27,124474.0,116803.99,117405.01,120321.123656,14413041662.98358,7873.654285714285,64.02046837002864,,,,,7670.009999999995,6.566565063402368,,,0.06706403999040829
ETHUSDT,2025-08-17,4250.58,4788.0,4166.77,4472.33,5480879.8797,24752460272.90258,491.1571428571429,78.2532773778668,,,,,621.2299999999996,14.909150253073712,,,0.1098213107836727
ETHUSDT,2025-08-24,4472.34,4956.78,4060.0,4780.15,5387659.71698,24027901599.575443,525.5492857142857,80.38549507547214,,,,,896.7799999999997,22.08817733990147,,,0.1099440991839766
BTCUSDT,2025-08-24,117405.01,117543.75,110680.0,113493.59,117920.88503,13499083492.551903,7939.519999999999,57.18893313635415,,,,,6863.75,6.201436573906758,,,0.06995566886200356
ETHUSDT,2025-08-31,4780.15,4797.97,4257.2,4391.83,4346549.4528,19537625509.157017,536.615,72.49820929601498,,,,,540.7700000000004,12.70248050361741,,,0.12218482955852117
BTCUSDT,2025-08-31,113493.59,113667.28,107350.1,108246.35,110910.33675,12251537569.93473,7677.8899999999985,49.26646637035202,,,,,6317.179999999993,5.884652180109747,,,0.07092978192798186
BTCUSDT,2025-09-07,108246.36,113384.62,107255.0,111137.34,90809.75324,10044358120.884186,7569.330714285713,55.36704676015351,,,,,6129.619999999995,5.714996969838232,,,0.06810789887796229
ETHUSDT,2025-09-07,4391.83,4491.84,4210.61,4306.19,2982279.2676,12999840326.346476,533.8857142857144,71.21632006147638,,,,,281.2300000000005,6.6790797532899155,,,0.12398099347351474
BTCUSDT,2025-09-14,111137.35,116665.63,110621.78,115268.01,88456.94711,10064054610.670403,7542.290714285713,58.63179259528053,,,,,6043.850000000006,5.463526260380195,,,0.06543264444563339
ETHUSDT,2025-09-14,4306.19,4769.36,4276.76,4604.49,2909677.3399,12996774179.429417,547.7578571428571,73.62512181037283,,,,,492.59999999999945,11.518065077301495,,,0.11896167808874754
ETHUSDT,2025-09-21,4604.48,4670.28,4412.0,4444.97,2084983.7991,9426344058.271599,534.6178571428571,70.82786298590955,,,,,258.27999999999975,5.854034451495915,,,0.12027479536259122
BTCUSDT,2025-09-21,115268.01,117900.0,114384.0,115232.29,70729.4403,8210381000.694035,7231.586428571427,58.74270207863087,,,,,3516.0,3.0738564834242554,,,0.06275659737883736
ETHUSDT,2025-09-28,4444.98,4455.76,3815.0,4142.16,3296200.6113,13425401508.7257,539.7828571428571,71.09476922534466,,,,,640.7600000000002,16.795806028833557,,,0.13031434255143623
BTCUSDT,2025-09-28,115232.29,115379.25,108620.07,112163.95,93970.57704,10475154079.657045,6946.357857142854,60.455626823420296,,,,,6759.179999999993,6.222772642293448,,,0.06193039614905551
ETHUSDT,2025-10-05,4142.16,4618.17,4082.25,4514.32,2997297.5318,13079873063.764513,553.9914285714286,71.71662501374654,,,,,535.9200000000001,13.12805438177476,,,0.12271868821249461
BTCUSDT,2025-10-05,112163.96,125708.42,111560.65,123482.31,124480.098903,14788390462.577276,7320.114999999998,63.15585394263862,,,,,14147.770000000004,12.681684805529553,,,0.05928067753186669
ETHUSDT,2025-10-12,4514.32,4755.0,3435.0,4152.29,5107933.9309,21266219958.694473,629.527142857143,66.04629460572495,,,,,1320.0,38.427947598253276,,,0.1516096281466716
BTCUSDT,2025-10-12,123482.32,126199.63,102000.0,114958.8,211576.359223,24741882589.156666,8660.874999999998,54.41588927036573,,,,,24199.630000000005,23.725127450980395,,,0.07533894751858924
BTCUSDT,2025-10-19,114958.81,115963.81,103528.23,108642.78,171795.75097,18898931289.853485,8687.814285714285,41.522177547009356,,,,,12435.580000000002,12.01177688443046,,,0.07996678919403834
ETHUSDT,2025-10-19,4152.29,4292.0,3674.5,3982.58,4345072.9585,17308887152.735977,635.9092857142857,60.75664260335126,,,,,617.5,16.80500748401143,,,0.15967269601973738
BTCUSDT,2025-10-26,108642.77,115466.8,106666.69,114559.4,137472.95078,15151380765.184181,8782.030714285715,47.94054767311084,,,,,8800.11,8.250101320290335,,,0.07665918915676684
ETHUSDT,2025-10-26,3982.58,4178.78,3710.0,4158.46,3081488.9408,12114831178.55857,605.6721428571428,54.91335559061281,,,,,468.77999999999975,12.63557951482479,,,0.1456481829468464
BTCUSDT,2025-11-02,114559.41,116400.0,106304.34,110540.68,125045.90669,13938413733.887177,9108.532142857142,43.431721541767374,,,,,10095.660000000003,9.496940576461887,,,0.08239982007399577
ETHUSDT,2025-11-02,4158.46,4253.72,3680.0,3906.58,2825722.9881,11189596554.552572,619.7257142857143,50.40804540570222,,,,,573.7200000000003,15.590217391304353,,,0.15863638125565438
BTCUSDT,2025-11-09,110540.69,110750.0,98944.36,104722.96,199598.71888,20575045423.26817,9388.935,43.04246442032614,,,,,11805.64,11.931594686144818,,,0.0896549811044302
ETHUSDT,2025-11-09,3906.58,3914.29,3057.0,3583.46,5260194.5621,18031658960.787437,639.0521428571428,51.03911540987064,,,,,857.29,28.043506705920834,,,0.1783338289968753
ETHUSDT,2025-11-16,3583.46,3658.98,3004.0,3095.29,4560190.5842,15266318483.522999,625.7028571428572,35.21570875734557,,,,,654.98,21.803595206391478,,,0.2021467640004191
BTCUSDT,2025-11-16,104722.95,107500.0,93005.55,94261.44,189823.3545,18972087867.82955,9948.459285714285,32.981657020756444,,,,,14494.449999999997,15.584500064781077,,,0.10554113416593557
BTCUSDT,2025-11-23,94261.45,96043.0,80600.0,86830.0,257258.09768,22758010384.483917,10503.672857142856,30.67033058876352,,,,,15443.0,19.160049627791565,,,0.12096824665602736
ETHUSDT,2025-11-23,3095.29,3223.38,2623.57,2802.16,5034566.9119,14701146536.86877,624.1728571428572,29.01000128189338,,,,,599.81,22.86235930430672,,,0.22274704411698734
BTCUSDT,2025-11-30,86830.0,91950.0,85272.0,91328.64,71747.40301,6308826749.750437,10490.404999999999,36.09048752872745,,,,,6678.0,7.831410075992119,,,0.11486435142360599
ETHUSDT,2025-11-30,2802.16,3071.37,2763.0,3047.76,1583115.7761,4608446556.795845,582.1435714285715,27.882142957456978,,,,,308.3699999999999,11.160694896851245,,,0.19100702530007987
BTCUSDT,2025-12-14,90395.32,94588.99,87577.36,88172.17,107997.17703,9859289580.807507,,,,,,,,,,,
