date,coin,top100_richest_pct,avg_transaction_value_btc,top10_pct
2022-12-31,BTC,18.55,14.8617,46.37
2023-01-01,BTC,18.61,16.3848,46.54
2023-01-02,BTC,18.59,16.1506,46.48
2023-01-03,BTC,18.75,16.9181,46.87
2023-01-04,BTC,18.7,17.4606,46.75
2023-01-05,BTC,1.3,0.0,
2023-01-06,BTC,18.68,15.0816,46.7
2023-01-07,BTC,1.3,0.0,
2023-01-08,BTC,18.41,14.8336,46.02
2023-01-09,BTC,1.29,0.0,
2023-01-10,BTC,18.46,13.1955,46.15
2023-01-11,BTC,1.29,0.0,
2023-01-12,BTC,18.41,11.8817,46.04
2023-01-13,BTC,18.3,12.2574,45.75
2023-01-14,BTC,1.29,0.0,
2023-01-15,BTC,18.18,13.818,45.45
2023-01-16,BTC,18.18,12.7602,45.44
2023-01-17,BTC,18.26,11.5394,45.65
2023-01-18,BTC,18.28,9.5797,45.7
2023-01-19,BTC,18.15,9.7766,45.37
2023-01-20,BTC,18.22,9.948,45.55
2023-01-21,BTC,18.21,9.6469,45.53
2023-01-22,BTC,18.06,8.927,45.16
2023-01-23,BTC,18.02,9.9841,45.04
2023-01-24,BTC,18.05,8.2211,45.13
2023-01-25,BTC,18.08,7.836,45.21
2023-01-26,BTC,18.02,8.4477,45.04
2023-01-27,BTC,1.29,0.0,
2023-01-28,BTC,18.03,9.0698,45.09
2023-01-29,BTC,18.07,10.0453,45.17
2023-01-30,BTC,18.02,9.8596,45.05
2023-01-31,BTC,1.29,0.0,
2023-02-01,BTC,17.99,10.0197,44.98
2023-02-02,BTC,17.98,11.0232,44.96
2023-02-03,BTC,18.02,10.3781,45.05
2023-02-04,BTC,18.06,11.9161,45.14
2023-02-05,BTC,1.29,0.0,
2023-02-06,BTC,17.79,14.3027,44.47
2023-02-07,BTC,17.8,14.0037,44.5
2023-02-08,BTC,17.81,12.0161,44.52
2023-02-09,BTC,17.79,12.3732,44.46
2023-02-10,BTC,17.93,11.8549,44.83
2023-02-11,BTC,17.85,11.3532,44.63
2023-02-12,BTC,17.94,11.6819,44.86
2023-02-13,BTC,17.89,12.1952,44.73
2023-02-14,BTC,1.29,0.0,
2023-02-15,BTC,17.83,12.8362,44.58
2023-02-16,BTC,17.79,11.3727,44.48
2023-02-17,BTC,1.29,0.0,
2023-02-18,BTC,17.82,11.3991,44.55
2023-02-19,BTC,17.68,10.9785,44.2
2023-02-20,BTC,17.65,10.1762,44.11
2023-02-21,BTC,17.63,10.5803,44.07
2023-02-22,BTC,17.82,10.7548,44.55
2023-02-23,BTC,1.29,0.0,
2023-02-24,BTC,1.29,0.0,
2023-02-25,BTC,17.66,13.1171,44.15
2023-02-26,BTC,17.64,13.4187,44.1
2023-02-27,BTC,1.29,0.0,
2023-02-28,BTC,17.75,13.0019,44.37
2023-03-01,BTC,1.29,0.0,
2023-03-02,BTC,17.97,10.6907,44.92
2023-03-03,BTC,1.29,0.0,
2023-03-04,BTC,1.29,0.0,
2023-03-05,BTC,1.29,0.0,
2023-03-06,BTC,1.29,0.0,
2023-03-07,BTC,17.68,12.3535,44.19
2023-03-08,BTC,1.29,0.0,
2023-03-09,BTC,17.51,13.5814,43.77
2023-03-10,BTC,17.59,12.3505,43.97
2023-03-11,BTC,17.61,13.6577,44.03
2023-03-12,BTC,17.45,13.8423,43.63
2023-03-13,BTC,17.48,14.6241,43.69
2023-03-14,BTC,17.35,13.3037,43.38
2023-03-15,BTC,17.41,13.6007,43.51
2023-03-16,BTC,17.43,13.9471,43.58
2023-03-17,BTC,17.36,14.1794,43.41
2023-03-18,BTC,17.39,13.465,43.48
2023-03-19,BTC,17.58,13.9388,43.94
2023-03-20,BTC,17.46,14.5954,43.65
2023-03-21,BTC,17.36,15.3825,43.4
2023-03-22,BTC,17.48,14.5618,43.69
2023-03-23,BTC,17.57,14.9746,43.93
2023-03-24,BTC,17.66,16.8714,44.14
2023-03-25,BTC,17.63,16.1176,44.08
2023-03-26,BTC,17.54,15.3018,43.86
2023-03-27,BTC,17.53,15.643,43.84
2023-03-28,BTC,17.56,16.4702,43.91
2023-03-29,BTC,17.56,17.9237,43.91
2023-03-30,BTC,17.54,20.6439,43.84
2023-03-31,BTC,17.6,19.7867,44.0
2023-04-01,BTC,17.49,20.2692,43.73
2023-04-02,BTC,17.47,20.9832,43.68
2023-04-03,BTC,17.52,20.9103,43.79
2023-04-04,BTC,1.29,0.0,
2023-04-05,BTC,17.39,20.2519,43.47
2023-04-06,BTC,1.29,0.0,
2023-04-07,BTC,1.29,0.0,
2023-04-08,BTC,1.29,0.0,
2023-04-09,BTC,1.29,0.0,
2023-04-10,BTC,1.29,0.0,
2023-04-11,BTC,17.49,20.0168,43.72
2023-04-12,BTC,1.29,0.0,
2023-04-13,BTC,1.29,0.0,
2023-04-14,BTC,1.29,0.0,
2023-04-15,BTC,1.28,0.0,
2023-04-16,BTC,1.28,0.0,
2023-04-17,BTC,1.28,0.0,
2023-04-18,BTC,1.28,0.0,
2023-04-19,BTC,1.28,0.0,
2023-04-20,BTC,17.68,23.9692,44.2
2023-04-21,BTC,17.75,22.3565,44.37
2023-04-22,BTC,1.28,0.0,
2023-04-23,BTC,1.28,0.0,
2023-04-24,BTC,17.64,23.0473,44.09
2023-04-25,BTC,17.56,23.2638,43.91
2023-04-26,BTC,17.57,22.6122,43.92
2023-04-27,BTC,1.28,0.0,
2023-04-28,BTC,17.58,23.4325,43.95
2023-04-29,BTC,17.51,24.285,43.78
2023-04-30,BTC,17.43,24.1702,43.59
2023-05-01,BTC,17.49,25.036,43.71
2023-05-02,BTC,17.37,24.7015,43.41
2023-05-03,BTC,17.32,24.0482,43.29
2023-05-04,BTC,17.49,24.4532,43.74
2023-05-05,BTC,17.37,25.371,43.42
2023-05-06,BTC,17.58,26.4035,43.95
2023-05-07,BTC,17.43,25.9192,43.57
2023-05-08,BTC,17.55,25.2116,43.89
2023-05-09,BTC,17.6,25.9862,44.0
2023-05-10,BTC,17.51,25.9267,43.77
2023-05-11,BTC,17.18,24.9023,42.96
2023-05-12,BTC,17.16,23.6545,42.89
2023-05-13,BTC,17.32,22.2244,43.3
2023-05-14,BTC,17.28,22.3551,43.19
2023-05-15,BTC,17.42,20.9192,43.55
2023-05-16,BTC,1.28,0.0,
2023-05-17,BTC,1.28,0.0,
2023-05-18,BTC,1.28,0.0,
2023-05-19,BTC,17.47,20.4061,43.66
2023-05-20,BTC,17.48,21.0682,43.69
2023-05-21,BTC,17.64,19.8304,44.09
2023-05-22,BTC,1.28,19.8304,
2023-05-23,BTC,17.83,18.4666,44.58
2023-05-24,BTC,17.86,17.8439,44.65
2023-05-25,BTC,1.28,17.8439,
2023-05-26,BTC,17.78,18.2005,44.46
2023-05-27,BTC,17.82,17.5076,44.54
2023-05-28,BTC,17.91,17.8149,44.77
2023-05-29,BTC,17.99,18.4445,44.97
2023-05-30,BTC,17.91,17.8843,44.77
2023-05-31,BTC,17.98,18.4947,44.95
2023-06-01,BTC,17.98,18.612,44.95
2023-06-02,BTC,18.11,18.0205,45.27
2023-06-03,BTC,18.16,17.8183,45.4
2023-06-04,BTC,18.14,18.917,45.35
2023-06-05,BTC,18.22,19.7306,45.56
2023-06-06,BTC,18.35,19.7516,45.88
2023-06-07,BTC,18.42,19.4413,46.05
2023-06-08,BTC,18.45,19.3112,46.13
2023-06-09,BTC,18.46,19.9063,46.16
2023-06-10,BTC,18.38,21.9987,45.95
2023-06-11,BTC,18.28,20.7845,45.7
2023-06-12,BTC,18.4,21.5762,45.99
2023-06-13,BTC,18.46,22.2045,46.15
2023-06-14,BTC,18.46,21.3073,46.14
2023-06-15,BTC,18.47,20.6301,46.16
2023-06-16,BTC,18.56,20.483,46.41
2023-06-17,BTC,18.48,20.1617,46.2
2023-06-18,BTC,18.52,19.5979,46.3
2023-06-19,BTC,18.44,19.8416,46.1
2023-06-20,BTC,18.46,19.3347,46.16
2023-06-21,BTC,18.42,19.5667,46.04
2023-06-22,BTC,18.27,18.1593,45.68
2023-06-23,BTC,18.2,17.9458,45.5
2023-06-24,BTC,18.23,19.4212,45.58
2023-06-25,BTC,18.32,19.2612,45.79
2023-06-26,BTC,18.31,18.2587,45.79
2023-06-27,BTC,18.31,17.97,45.78
2023-06-28,BTC,18.35,17.1428,45.86
2023-06-29,BTC,1.28,17.1428,
2023-06-30,BTC,18.39,19.0773,45.97
2023-07-01,BTC,18.46,18.676,46.14
2023-07-02,BTC,18.48,18.6886,46.19
2023-07-03,BTC,18.49,17.9156,46.22
2023-07-04,BTC,18.49,18.4136,46.22
2023-07-05,BTC,18.64,19.3729,46.59
2023-07-06,BTC,18.85,18.6055,47.13
2023-07-07,BTC,18.94,18.7889,47.34
2023-07-08,BTC,19.16,17.9806,47.89
2023-07-09,BTC,19.07,17.3812,47.68
2023-07-10,BTC,18.86,16.8554,47.15
2023-07-11,BTC,18.78,17.0058,46.96
2023-07-12,BTC,18.82,18.882,47.05
2023-07-13,BTC,18.91,18.3051,47.28
2023-07-14,BTC,18.82,18.797,47.06
2023-07-15,BTC,18.69,20.6285,46.73
2023-07-16,BTC,18.81,20.1593,47.02
2023-07-17,BTC,18.64,21.5132,46.6
2023-07-18,BTC,1.28,21.5132,
2023-07-19,BTC,18.47,22.1516,46.17
2023-07-20,BTC,18.47,22.1986,46.17
2023-07-21,BTC,18.42,22.8215,46.06
2023-07-22,BTC,18.32,22.6791,45.79
2023-07-23,BTC,18.33,23.1935,45.82
2023-07-24,BTC,18.4,22.0689,46.0
2023-07-25,BTC,18.25,23.3465,45.61
2023-07-26,BTC,18.28,22.5981,45.7
2023-07-27,BTC,1.28,22.5981,
2023-07-28,BTC,18.55,22.7813,46.38
2023-07-29,BTC,18.76,24.5366,46.9
2023-07-30,BTC,18.73,25.5082,46.83
2023-07-31,BTC,18.8,26.8768,46.99
2023-08-01,BTC,18.7,27.5628,46.75
2023-08-02,BTC,1.28,27.5628,
2023-08-03,BTC,18.69,23.7649,46.72
2023-08-04,BTC,18.66,24.4824,46.66
2023-08-05,BTC,18.81,24.5565,47.03
2023-08-06,BTC,18.98,23.1764,47.44
2023-08-07,BTC,18.8,23.1209,47.01
2023-08-08,BTC,18.84,23.0882,47.11
2023-08-09,BTC,18.64,22.999,46.59
2023-08-10,BTC,18.51,23.6687,46.26
2023-08-11,BTC,18.54,22.7288,46.36
2023-08-12,BTC,18.49,21.6696,46.23
2023-08-13,BTC,18.48,22.6248,46.21
2023-08-14,BTC,18.39,23.1288,45.97
2023-08-15,BTC,18.33,22.3359,45.83
2023-08-16,BTC,18.32,21.3007,45.81
2023-08-17,BTC,18.27,20.1028,45.67
2023-08-18,BTC,18.46,20.1381,46.16
2023-08-19,BTC,18.39,20.3521,45.98
2023-08-20,BTC,18.38,20.1311,45.96
2023-08-21,BTC,18.44,20.8886,46.11
2023-08-22,BTC,18.39,20.3128,45.98
2023-08-23,BTC,18.36,18.0109,45.91
2023-08-24,BTC,18.21,19.3777,45.53
2023-08-25,BTC,18.38,19.1287,45.94
2023-08-26,BTC,18.43,19.44,46.09
2023-08-27,BTC,18.74,20.5595,46.85
2023-08-28,BTC,18.73,19.604,46.82
2023-08-29,BTC,18.57,19.8075,46.42
2023-08-30,BTC,18.49,18.3852,46.23
2023-08-31,BTC,18.43,17.3037,46.07
2023-09-01,BTC,100.0,17.3037,
2023-09-02,BTC,18.6,19.6652,46.49
2023-09-03,BTC,18.6,18.804,46.51
2023-09-04,BTC,18.76,19.3429,46.89
2023-09-05,BTC,18.65,19.1525,46.63
2023-09-06,BTC,18.56,17.7697,46.41
2023-09-07,BTC,18.66,19.6791,46.64
2023-09-08,BTC,1.28,19.6791,
2023-09-09,BTC,18.45,19.755,46.13
2023-09-10,BTC,18.39,18.891,45.98
2023-09-11,BTC,18.4,18.06,46.0
2023-09-12,BTC,18.43,18.0098,46.06
2023-09-13,BTC,18.4,17.1022,46.0
2023-09-14,BTC,18.34,17.8576,45.86
2023-09-15,BTC,18.39,16.8801,45.98
2023-09-16,BTC,18.4,17.6315,46.01
2023-09-17,BTC,18.24,18.1748,45.59
2023-09-18,BTC,18.17,18.7454,45.43
2023-09-19,BTC,18.09,16.9405,45.24
2023-09-20,BTC,17.93,16.9886,44.83
2023-09-21,BTC,17.96,16.0843,44.89
2023-09-22,BTC,18.02,14.4228,45.05
2023-09-23,BTC,18.01,13.2118,45.04
2023-09-24,BTC,17.95,13.2592,44.87
2023-09-25,BTC,17.86,12.8746,44.66
2023-09-26,BTC,17.96,12.2977,44.91
2023-09-27,BTC,18.05,11.168,45.12
2023-09-28,BTC,18.1,12.6096,45.25
2023-09-29,BTC,17.85,11.8127,44.63
2023-09-30,BTC,17.91,11.6096,44.78
2023-10-01,BTC,1.27,11.6096,
2023-10-02,BTC,17.96,10.85,44.89
2023-10-03,BTC,18.07,11.1044,45.18
2023-10-04,BTC,18.11,10.6925,45.27
2023-10-05,BTC,18.06,10.26,45.15
2023-10-06,BTC,18.1,9.839,45.25
2023-10-07,BTC,18.13,11.9144,45.32
2023-10-08,BTC,18.21,11.5884,45.54
2023-10-09,BTC,18.33,11.1803,45.84
2023-10-10,BTC,18.13,10.1722,45.33
2023-10-11,BTC,17.94,9.8207,44.86
2023-10-12,BTC,17.95,11.4971,44.86
2023-10-13,BTC,17.98,11.278,44.95
2023-10-14,BTC,18.06,9.0669,45.15
2023-10-15,BTC,18.08,9.8378,45.21
2023-10-16,BTC,1.27,0.0,
2023-10-17,BTC,17.97,10.5662,44.93
2023-10-18,BTC,18.03,12.8369,45.08
2023-10-19,BTC,18.05,13.0851,45.13
2023-10-20,BTC,18.01,12.2353,45.02
2023-10-21,BTC,18.09,11.3792,45.22
2023-10-22,BTC,18.1,10.9015,45.24
2023-10-23,BTC,18.14,11.2352,45.36
2023-10-24,BTC,18.25,10.7252,45.62
2023-10-25,BTC,18.22,9.7464,45.55
2023-10-26,BTC,18.18,10.1237,45.44
2023-10-27,BTC,18.25,9.2016,45.63
2023-10-28,BTC,18.34,10.5572,45.85
2023-10-29,BTC,18.38,12.434,45.95
2023-10-30,BTC,18.3,11.1893,45.76
2023-10-31,BTC,18.13,12.6854,45.31
2023-11-01,BTC,18.19,12.6298,45.48
2023-11-02,BTC,18.22,11.5043,45.55
2023-11-03,BTC,18.46,11.6335,46.16
2023-11-04,BTC,18.47,12.3593,46.19
2023-11-05,BTC,18.52,12.5832,46.31
2023-11-06,BTC,18.44,13.0547,46.11
2023-11-07,BTC,18.63,14.4001,46.58
2023-11-08,BTC,18.79,13.8889,46.98
2023-11-09,BTC,18.69,13.7631,46.73
2023-11-10,BTC,18.7,14.8573,46.74
2023-11-11,BTC,18.53,16.3868,46.32
2023-11-12,BTC,18.51,15.9599,46.28
2023-11-13,BTC,18.41,14.3051,46.03
2023-11-14,BTC,18.49,14.3784,46.23
2023-11-15,BTC,18.36,13.0833,45.91
2023-11-16,BTC,18.33,14.7523,45.83
2023-11-17,BTC,18.3,13.2492,45.76
2023-11-18,BTC,18.28,12.9765,45.7
2023-11-19,BTC,1.27,0.0,
2023-11-20,BTC,1.27,0.0,
2023-11-21,BTC,18.17,14.7449,45.43
2023-11-22,BTC,18.15,13.6384,45.36
2023-11-23,BTC,18.4,13.6976,46.01
2023-11-24,BTC,18.4,13.6735,46.01
2023-11-25,BTC,18.42,13.5292,46.06
2023-11-26,BTC,1.27,0.0,
2023-11-27,BTC,18.36,12.4389,45.91
2023-11-28,BTC,18.29,12.5453,45.73
2023-11-29,BTC,18.27,14.0493,45.67
2023-11-30,BTC,18.0,15.1408,45.0
2023-12-01,BTC,1.27,0.0,
2023-12-02,BTC,18.09,12.696,45.23
2023-12-03,BTC,17.95,11.9182,44.88
2023-12-04,BTC,17.84,13.6704,44.6
2023-12-05,BTC,17.93,14.942,44.83
2023-12-06,BTC,1.27,0.0,
2023-12-07,BTC,17.95,14.3023,44.88
2023-12-08,BTC,17.83,15.0153,44.58
2023-12-09,BTC,17.81,14.6405,44.52
2023-12-10,BTC,1.27,0.0,
2023-12-11,BTC,1.27,0.0,
2023-12-12,BTC,17.73,16.86,44.34
2023-12-13,BTC,17.79,16.5505,44.48
2023-12-14,BTC,17.83,15.2993,44.56
2023-12-15,BTC,17.92,15.1144,44.8
2023-12-16,BTC,17.87,16.1635,44.67
2023-12-17,BTC,17.8,14.755,44.49
2023-12-18,BTC,17.64,15.361,44.1
2023-12-19,BTC,17.51,17.1158,43.78
2023-12-20,BTC,17.3,18.8123,43.26
2023-12-21,BTC,17.32,18.7155,43.31
2023-12-22,BTC,17.27,19.1147,43.18
2023-12-23,BTC,17.27,20.218,43.17
2023-12-24,BTC,17.28,20.3683,43.2
2023-12-25,BTC,1.27,0.0,
2023-12-26,BTC,1.27,0.0,
2023-12-27,BTC,1.27,0.0,
2023-12-28,BTC,17.15,19.1604,42.89
2023-12-29,BTC,1.27,0.0,
2023-12-30,BTC,17.1,18.7297,42.76
2023-12-31,BTC,1.27,0.0,
2024-01-01,BTC,17.16,16.0488,42.91
2024-01-02,BTC,17.27,16.5214,43.16
2024-01-03,BTC,17.29,17.5041,43.23
2024-01-04,BTC,1.27,0.0,
2024-01-05,BTC,17.27,17.2388,43.18
2024-01-06,BTC,17.21,17.2649,43.03
2024-01-07,BTC,17.26,16.5392,43.16
2024-01-08,BTC,17.28,15.7838,43.2
2024-01-09,BTC,17.22,14.3772,43.05
2024-01-10,BTC,17.13,13.0255,42.82
2024-01-11,BTC,17.03,14.0791,42.58
2024-01-12,BTC,16.94,16.7115,42.34
2024-01-13,BTC,16.99,16.8963,42.46
2024-01-14,BTC,16.9,17.5966,42.25
2024-01-15,BTC,16.84,17.7186,42.1
2024-01-16,BTC,17.1,17.6226,42.74
2024-01-17,BTC,1.27,0.0,
2024-01-18,BTC,1.27,0.0,
2024-01-19,BTC,1.27,0.0,
2024-01-20,BTC,1.27,0.0,
2024-01-21,BTC,17.28,20.9127,43.2
2024-01-22,BTC,17.34,19.3425,43.36
2024-01-23,BTC,17.27,19.095,43.18
2024-01-24,BTC,17.26,19.7157,43.16
2024-01-25,BTC,17.28,18.3803,43.2
2024-01-26,BTC,17.32,18.9909,43.3
2024-01-27,BTC,17.37,20.0717,43.44
2024-01-28,BTC,17.46,20.5309,43.64
2024-01-29,BTC,17.45,18.8699,43.63
2024-01-30,BTC,17.49,19.0776,43.73
2024-01-31,BTC,17.52,17.8009,43.8
2024-02-01,BTC,17.41,18.854,43.53
2024-02-02,BTC,17.41,19.5355,43.52
2024-02-03,BTC,17.41,19.5653,43.53
2024-02-04,BTC,17.51,19.0492,43.76
2024-02-05,BTC,17.52,18.5869,43.79
2024-02-06,BTC,17.47,18.2778,43.68
2024-02-07,BTC,17.49,17.799,43.73
2024-02-08,BTC,17.62,16.9044,44.05
2024-02-09,BTC,17.6,16.4647,44.0
2024-02-10,BTC,17.75,16.6612,44.36
2024-02-11,BTC,17.85,15.1757,44.62
2024-02-12,BTC,17.88,16.0653,44.69
2024-02-13,BTC,17.88,17.1308,44.71
2024-02-14,BTC,17.83,18.5401,44.58
2024-02-15,BTC,18.06,18.1773,45.15
2024-02-16,BTC,18.02,19.6307,45.04
2024-02-17,BTC,18.18,19.1078,45.44
2024-02-18,BTC,18.13,18.826,45.33
2024-02-19,BTC,18.0,17.9074,45.0
2024-02-20,BTC,17.9,17.1396,44.75
2024-02-21,BTC,17.89,17.3738,44.74
2024-02-22,BTC,18.05,16.3755,45.12
2024-02-23,BTC,18.15,16.1615,45.37
2024-02-24,BTC,18.14,16.8363,45.36
2024-02-25,BTC,18.03,17.2187,45.08
2024-02-26,BTC,18.05,17.7111,45.12
2024-02-27,BTC,18.08,20.1664,45.19
2024-02-28,BTC,18.01,19.6354,45.03
2024-02-29,BTC,17.95,19.08,44.88
2024-03-01,BTC,17.89,20.269,44.72
2024-03-02,BTC,18.03,19.6982,45.07
2024-03-03,BTC,17.95,20.1697,44.86
2024-03-04,BTC,17.89,20.8026,44.73
2024-03-05,BTC,17.91,19.2868,44.78
2024-03-06,BTC,18.07,21.0827,45.16
2024-03-07,BTC,18.0,20.695,45.01
2024-03-08,BTC,18.03,21.0295,45.08
2024-03-09,BTC,18.1,23.0397,45.25
2024-03-10,BTC,18.08,22.2414,45.2
2024-03-11,BTC,17.94,21.5105,44.86
2024-03-12,BTC,17.94,23.305,44.85
2024-03-13,BTC,17.89,23.5288,44.72
2024-03-14,BTC,17.89,24.7172,44.72
2024-03-15,BTC,18.14,24.1863,45.35
2024-03-16,BTC,18.09,25.2305,45.22
2024-03-17,BTC,18.16,27.0772,45.4
2024-03-18,BTC,18.22,26.7179,45.54
2024-03-19,BTC,18.28,27.8266,45.69
2024-03-20,BTC,18.36,28.3339,45.89
2024-03-21,BTC,18.46,29.5032,46.16
2024-03-22,BTC,18.6,30.1519,46.51
2024-03-23,BTC,18.59,30.2986,46.46
2024-03-24,BTC,18.71,29.4817,46.77
2024-03-25,BTC,18.74,29.0883,46.86
2024-03-26,BTC,18.75,30.3668,46.87
2024-03-27,BTC,18.77,30.4132,46.91
2024-03-28,BTC,18.63,31.1595,46.57
2024-03-29,BTC,18.69,33.3227,46.73
2024-03-30,BTC,18.66,33.5419,46.66
2024-03-31,BTC,18.69,35.1193,46.72
2024-04-01,BTC,18.68,35.3983,46.7
2024-04-02,BTC,18.74,35.585,46.85
2024-04-03,BTC,18.69,35.779,46.74
2024-04-04,BTC,18.8,34.7525,47.01
2024-04-05,BTC,18.82,34.0524,47.04
2024-04-06,BTC,18.93,32.5292,47.34
2024-04-07,BTC,18.88,32.9064,47.2
2024-04-08,BTC,19.04,32.8407,47.59
2024-04-09,BTC,18.98,34.7218,47.45
2024-04-10,BTC,18.84,32.523,47.09
2024-04-11,BTC,18.88,32.021,47.2
2024-04-12,BTC,18.78,32.7293,46.94
2024-04-13,BTC,18.8,32.1653,47.0
2024-04-14,BTC,18.67,33.0377,46.68
2024-04-15,BTC,18.74,32.9385,46.85
2024-04-16,BTC,18.92,31.8685,47.31
2024-04-17,BTC,18.77,31.1765,46.93
2024-04-18,BTC,18.77,31.4199,46.91
2024-04-19,BTC,18.74,31.7719,46.85
2024-04-20,BTC,18.62,33.2157,46.54
2024-04-21,BTC,18.61,34.333,46.52
2024-04-22,BTC,18.64,34.7898,46.61
2024-04-23,BTC,18.7,35.2375,46.75
2024-04-24,BTC,18.76,36.5666,46.91
2024-04-25,BTC,18.78,37.2756,46.96
2024-04-26,BTC,18.77,38.7157,46.94
2024-04-27,BTC,18.71,40.5167,46.77
2024-04-28,BTC,18.7,39.0859,46.76
2024-04-29,BTC,18.72,38.4048,46.79
2024-04-30,BTC,18.8,37.7522,47.0
2024-05-01,BTC,18.76,35.8627,46.89
2024-05-02,BTC,18.71,33.4388,46.78
2024-05-03,BTC,18.55,34.1992,46.38
2024-05-04,BTC,18.63,34.6247,46.58
2024-05-05,BTC,18.53,34.577,46.33
2024-05-06,BTC,18.53,33.4186,46.33
2024-05-07,BTC,18.68,34.296,46.71
2024-05-08,BTC,18.66,34.3228,46.65
2024-05-09,BTC,18.68,32.2811,46.71
2024-05-10,BTC,18.66,31.5991,46.64
2024-05-11,BTC,18.56,31.318,46.39
2024-05-12,BTC,18.74,31.9589,46.84
2024-05-13,BTC,18.68,32.5315,46.7
2024-05-14,BTC,18.82,33.4561,47.05
2024-05-15,BTC,18.83,32.8092,47.06
2024-05-16,BTC,18.9,33.2026,47.24
2024-05-17,BTC,18.99,33.8378,47.46
2024-05-18,BTC,19.09,33.3026,47.73
2024-05-19,BTC,19.22,33.5002,48.05
2024-05-20,BTC,19.43,32.811,48.57
2024-05-21,BTC,19.6,33.0089,49.01
2024-05-22,BTC,19.54,32.525,48.84
2024-05-23,BTC,19.51,32.9492,48.76
2024-05-24,BTC,19.56,32.3755,48.9
2024-05-25,BTC,19.56,34.5177,48.89
2024-05-26,BTC,19.73,34.9541,49.32
2024-05-27,BTC,19.73,35.0741,49.33
2024-05-28,BTC,19.79,34.0513,49.48
2024-05-29,BTC,19.77,32.3827,49.42
2024-05-30,BTC,19.81,33.0299,49.52
2024-05-31,BTC,19.76,34.6039,49.4
2024-06-01,BTC,19.64,33.1395,49.09
2024-06-02,BTC,19.66,34.1866,49.15
2024-06-03,BTC,19.83,33.7277,49.57
2024-06-04,BTC,19.94,33.6892,49.84
2024-06-05,BTC,19.92,34.5729,49.8
2024-06-06,BTC,19.98,32.9965,49.96
2024-06-07,BTC,20.13,34.3766,50.33
2024-06-08,BTC,20.07,34.7724,50.17
2024-06-09,BTC,20.12,35.0331,50.3
2024-06-10,BTC,20.06,34.3615,50.16
2024-06-11,BTC,20.06,35.5342,50.15
2024-06-12,BTC,20.11,35.1636,50.29
2024-06-13,BTC,20.19,32.315,50.48
2024-06-14,BTC,20.31,30.5753,50.77
2024-06-15,BTC,20.27,29.4556,50.68
2024-06-16,BTC,20.14,30.6165,50.35
2024-06-17,BTC,20.09,30.963,50.24
2024-06-18,BTC,20.09,31.44,50.22
2024-06-19,BTC,20.1,30.157,50.24
2024-06-20,BTC,20.2,29.6633,50.49
2024-06-21,BTC,20.04,29.2351,50.1
2024-06-22,BTC,20.19,30.0854,50.48
2024-06-23,BTC,20.16,29.7361,50.39
2024-06-24,BTC,20.12,31.8129,50.31
2024-06-25,BTC,20.16,32.2429,50.41
2024-06-26,BTC,20.27,32.4817,50.66
2024-06-27,BTC,20.24,32.2853,50.6
2024-06-28,BTC,20.23,32.2481,50.58
2024-06-29,BTC,20.31,32.3001,50.76
2024-06-30,BTC,20.38,32.2193,50.95
2024-07-01,BTC,20.39,30.2211,50.97
2024-07-02,BTC,20.48,30.5676,51.2
2024-07-03,BTC,20.58,27.6714,51.44
2024-07-04,BTC,20.79,27.5318,51.97
2024-07-05,BTC,20.9,26.4919,52.24
2024-07-06,BTC,20.96,25.4385,52.4
2024-07-07,BTC,20.9,27.3525,52.24
2024-07-08,BTC,20.88,27.5699,52.19
2024-07-09,BTC,20.96,28.0656,52.41
2024-07-10,BTC,20.98,28.4306,52.45
2024-07-11,BTC,21.22,28.373,53.05
2024-07-12,BTC,21.24,29.4236,53.1
2024-07-13,BTC,21.35,30.6106,53.38
2024-07-14,BTC,21.41,29.4676,53.54
2024-07-15,BTC,21.58,28.3213,53.94
2024-07-16,BTC,21.61,27.567,54.02
2024-07-17,BTC,21.6,27.8958,54.0
2024-07-18,BTC,21.63,28.3177,54.08
2024-07-19,BTC,21.8,28.7712,54.49
2024-07-20,BTC,21.77,29.7353,54.43
2024-07-21,BTC,21.89,28.5077,54.72
2024-07-22,BTC,21.95,29.2089,54.87
2024-07-23,BTC,21.92,30.5846,54.8
2024-07-24,BTC,21.9,30.7102,54.76
2024-07-25,BTC,21.89,30.7257,54.72
2024-07-26,BTC,21.78,29.2857,54.44
2024-07-27,BTC,21.94,28.4387,54.84
2024-07-28,BTC,21.84,26.2853,54.59
2024-07-29,BTC,21.77,24.9623,54.44
2024-07-30,BTC,21.94,25.9721,54.85
2024-07-31,BTC,21.87,28.2245,54.67
2024-08-01,BTC,21.97,27.8997,54.92
2024-08-02,BTC,21.72,30.1906,54.29
2024-08-03,BTC,21.58,28.5452,53.95
2024-08-04,BTC,21.68,30.985,54.2
2024-08-05,BTC,21.82,31.5489,54.55
2024-08-06,BTC,21.88,32.4023,54.7
2024-08-07,BTC,21.95,32.6835,54.89
2024-08-08,BTC,21.97,32.6209,54.91
2024-08-09,BTC,21.89,32.3402,54.72
2024-08-10,BTC,21.72,32.2419,54.3
2024-08-11,BTC,21.62,31.1383,54.05
2024-08-12,BTC,21.64,32.5303,54.1
2024-08-13,BTC,21.73,30.9598,54.33
2024-08-14,BTC,21.63,31.9006,54.08
2024-08-15,BTC,21.53,31.6759,53.84
2024-08-16,BTC,21.59,30.7076,53.97
2024-08-17,BTC,21.6,29.3736,54.0
2024-08-18,BTC,21.54,29.6933,53.85
2024-08-19,BTC,21.38,30.1338,53.45
2024-08-20,BTC,21.38,30.6863,53.45
2024-08-21,BTC,21.4,32.0504,53.5
2024-08-22,BTC,21.41,31.621,53.53
2024-08-23,BTC,21.43,32.1643,53.56
2024-08-24,BTC,21.43,32.2049,53.58
2024-08-25,BTC,21.36,31.542,53.4
2024-08-26,BTC,21.22,33.2916,53.05
2024-08-27,BTC,21.1,32.5987,52.74
2024-08-28,BTC,21.02,33.4936,52.56
2024-08-29,BTC,20.99,34.7414,52.49
2024-08-30,BTC,20.93,35.0204,52.32
2024-08-31,BTC,20.84,37.1655,52.11
2024-09-01,BTC,20.72,37.4753,51.81
2024-09-02,BTC,20.79,37.8891,51.97
2024-09-03,BTC,20.77,37.7593,51.92
2024-09-04,BTC,20.77,37.6123,51.93
2024-09-05,BTC,20.87,39.8228,52.18
2024-09-06,BTC,20.81,38.453,52.04
2024-09-07,BTC,20.81,41.0327,52.01
2024-09-08,BTC,20.73,42.6719,51.81
2024-09-09,BTC,20.89,42.1183,52.23
2024-09-10,BTC,20.95,43.7467,52.37
2024-09-11,BTC,20.91,43.5431,52.28
2024-09-12,BTC,20.85,42.5283,52.13
2024-09-13,BTC,20.79,41.3044,51.97
2024-09-14,BTC,20.79,40.5344,51.98
2024-09-15,BTC,20.82,38.9785,52.04
2024-09-16,BTC,20.85,39.812,52.12
2024-09-17,BTC,20.65,40.1861,51.62
2024-09-18,BTC,20.77,38.9765,51.93
2024-09-19,BTC,20.94,39.3955,52.35
2024-09-20,BTC,20.87,39.3397,52.17
2024-09-21,BTC,20.92,39.4157,52.31
2024-09-22,BTC,20.98,38.495,52.45
2024-09-23,BTC,21.0,37.0813,52.49
2024-09-24,BTC,20.98,36.1774,52.46
2024-09-25,BTC,20.91,37.4135,52.28
2024-09-26,BTC,21.02,38.0227,52.55
2024-09-27,BTC,20.91,37.7062,52.28
2024-09-28,BTC,21.03,37.848,52.58
2024-09-29,BTC,21.26,38.2413,53.16
2024-09-30,BTC,21.28,37.9322,53.21
2024-10-01,BTC,21.3,37.7797,53.24
2024-10-02,BTC,21.37,38.7364,53.42
2024-10-03,BTC,21.29,37.4052,53.22
2024-10-04,BTC,21.11,37.9132,52.76
2024-10-05,BTC,20.99,35.7603,52.49
2024-10-06,BTC,21.03,38.2533,52.58
2024-10-07,BTC,21.03,39.0918,52.58
2024-10-08,BTC,21.04,38.9929,52.6
2024-10-09,BTC,21.13,38.7026,52.83
2024-10-10,BTC,21.16,39.0243,52.9
2024-10-11,BTC,21.09,40.0163,52.73
2024-10-12,BTC,21.08,39.2606,52.69
2024-10-13,BTC,21.13,38.3621,52.82
2024-10-14,BTC,21.13,38.353,52.83
2024-10-15,BTC,21.24,38.8277,53.1
2024-10-16,BTC,21.24,39.6455,53.1
2024-10-17,BTC,21.38,40.2033,53.44
2024-10-18,BTC,21.38,38.8914,53.45
2024-10-19,BTC,21.27,38.5862,53.18
2024-10-20,BTC,21.21,38.3992,53.03
2024-10-21,BTC,21.22,38.9289,53.04
2024-10-22,BTC,21.21,39.4154,53.02
2024-10-23,BTC,21.22,37.44,53.04
2024-10-24,BTC,21.12,37.2959,52.8
2024-10-25,BTC,21.0,37.8958,52.5
2024-10-26,BTC,21.15,39.1146,52.89
2024-10-27,BTC,21.13,40.6053,52.83
2024-10-28,BTC,21.15,40.2682,52.87
2024-10-29,BTC,21.09,39.9657,52.72
2024-10-30,BTC,21.05,40.1362,52.62
2024-10-31,BTC,21.06,40.1392,52.66
2024-11-01,BTC,21.11,41.3299,52.77
2024-11-02,BTC,21.2,39.845,53.01
2024-11-03,BTC,20.95,40.7793,52.37
2024-11-04,BTC,20.81,40.5545,52.03
2024-11-05,BTC,20.69,38.7525,51.73
2024-11-06,BTC,20.75,39.5117,51.87
2024-11-07,BTC,20.69,36.9206,51.72
2024-11-08,BTC,20.63,37.3124,51.59
2024-11-09,BTC,20.49,37.4958,51.22
2024-11-10,BTC,20.49,38.0751,51.21
2024-11-11,BTC,20.5,37.102,51.24
2024-11-12,BTC,20.62,36.9435,51.54
2024-11-13,BTC,20.61,36.0102,51.54
2024-11-14,BTC,20.57,35.1254,51.43
2024-11-15,BTC,20.55,36.8371,51.38
2024-11-16,BTC,20.42,35.2236,51.04
2024-11-17,BTC,20.56,35.0143,51.41
2024-11-18,BTC,20.5,36.0542,51.24
2024-11-19,BTC,20.44,37.8802,51.09
2024-11-20,BTC,20.5,37.3923,51.26
2024-11-21,BTC,20.72,36.7865,51.8
2024-11-22,BTC,20.79,37.0858,51.98
2024-11-23,BTC,20.92,38.6473,52.31
2024-11-24,BTC,20.93,37.8939,52.32
2024-11-25,BTC,20.97,37.2162,52.43
2024-11-26,BTC,21.17,37.3527,52.93
2024-11-27,BTC,21.14,37.5374,52.84
2024-11-28,BTC,21.0,36.5658,52.51
2024-11-29,BTC,21.12,35.9089,52.81
2024-11-30,BTC,21.02,36.4456,52.54
2024-12-01,BTC,21.14,37.1645,52.84
2024-12-02,BTC,21.24,36.4077,53.09
2024-12-03,BTC,21.09,37.9091,52.73
2024-12-04,BTC,21.06,37.6582,52.65
2024-12-05,BTC,21.19,38.2145,52.99
2024-12-06,BTC,21.24,40.3795,53.1
2024-12-07,BTC,21.18,41.3073,52.94
2024-12-08,BTC,21.18,41.5759,52.95
2024-12-09,BTC,21.33,42.0837,53.34
2024-12-10,BTC,21.39,43.1562,53.47
2024-12-11,BTC,21.35,42.317,53.38
2024-12-12,BTC,21.25,40.3507,53.12
2024-12-13,BTC,21.45,39.2475,53.63
2024-12-14,BTC,21.43,38.9706,53.58
2024-12-15,BTC,21.46,39.7864,53.65
2024-12-16,BTC,21.55,39.2033,53.87
2024-12-17,BTC,21.53,39.4859,53.83
2024-12-18,BTC,21.51,41.0932,53.76
2024-12-19,BTC,21.55,41.8281,53.89
2024-12-20,BTC,21.62,43.0016,54.05
2024-12-21,BTC,21.64,41.7048,54.1
2024-12-22,BTC,21.68,41.0534,54.2
2024-12-23,BTC,21.63,41.6398,54.07
2024-12-24,BTC,21.75,41.661,54.38
2024-12-25,BTC,21.78,43.3632,54.45
2024-12-26,BTC,21.81,45.9649,54.51
2024-12-27,BTC,21.86,44.2042,54.65
2024-12-28,BTC,21.94,44.5853,54.84
2024-12-29,BTC,22.07,45.2585,55.16
2024-12-30,BTC,1.510041094539206e-09,5.460000000000001e-06,
2024-12-31,BTC,22.03,43.1837,55.08
2025-01-01,BTC,7.282868620374174,79000.093728,
2025-01-02,BTC,1.0435693034300247e-09,5.66e-06,
2025-01-03,BTC,0.8372199233015295,43.1837,
2025-01-04,BTC,5.217846517150123e-10,5.66e-06,
2025-01-05,BTC,6.485177544993971e-06,0.035173615000000005,
2025-01-06,BTC,0.058713789437462575,252.40048134547501,
2025-01-07,BTC,8.535673041088474e-05,0.92589748,
2025-01-08,BTC,2.5581618334289464,9249.790393806667,
2025-01-09,BTC,2.1140575323548878e-08,5.46e-06,
2025-01-10,BTC,0.03230829340195219,38.940062097777776,
2025-01-11,BTC,6.699309300376315e-09,8.074444444444444e-06,
2025-01-12,BTC,4.852781637151635e-09,6.58e-06,
2025-01-13,BTC,1.8525945621521313e-05,0.00913445909090909,
2025-01-14,BTC,1.4907342012201825,1617.0570658170002,
2025-01-15,BTC,0.01806168874910204,39.184425216,
2025-01-16,BTC,5.106852043534422e-08,0.00013849,
2025-01-17,BTC,0.00011687644136876441,1.26780398,
2025-01-18,BTC,0.11166227304714074,403.74795960333336,
2025-01-19,BTC,4.545979636991288e-08,9.8624e-05,
2025-01-20,BTC,0.018437620035083438,66.66666606333332,
2025-01-21,BTC,0.6158527511667147,10565.971628771462,
2025-01-22,BTC,0.3256669209868708,10565.971628771462,
2025-01-23,BTC,0.1530818722220778,237.21975666428574,
2025-01-24,BTC,0.009307784040792941,50.482567375,
2025-01-25,BTC,0.12044382034378767,316.19375019078626,
2025-01-26,BTC,1.1062572121166343e-09,6e-06,
2025-01-27,BTC,8.833198337020415e-06,0.004355323636363636,
2025-01-28,BTC,0.09359305858510068,11.156484817692307,
2025-01-29,BTC,2.1387639434254926e-09,1.16e-05,
2025-01-30,BTC,1.1983726689027578e-05,0.12999212,
2025-01-31,BTC,0.5492177545944239,744.69718512875,
2025-02-01,BTC,0.21566642781680423,421.36815414756217,
2025-02-02,BTC,0.282986156702565,421.36815414756217,
2025-02-03,BTC,1.4286514809928614,421.36815414756217,
2025-02-04,BTC,0.4965164594512523,5385.90614204,
2025-02-05,BTC,2.7957332264611577e-07,0.00303264,
2025-02-06,BTC,0.1637814956613857,592.20041729,
2025-02-07,BTC,0.0020189357165004015,2.7375221075,
2025-02-08,BTC,0.00942018921821494,102.1844372,
2025-02-09,BTC,0.3596526189075514,276.20964728402805,
2025-02-10,BTC,7.351816679323111e-08,0.00019937,
2025-02-11,BTC,0.0018437529405883216,19.99990151,
2025-02-12,BTC,0.007832400258948099,42.480538015,
2025-02-13,BTC,7.612893381382637e-09,4.129e-05,
2025-02-14,BTC,4.6698435695079474e-07,0.00023025272727272727,
2025-02-15,BTC,0.10816105570757314,361.1384648877087,
2025-02-16,BTC,2.867418693806315e-08,0.00015551999999999997,
2025-02-17,BTC,0.05565034038607044,120.73215475000002,
2025-02-18,BTC,0.019987256085866784,216.8095,
2025-02-19,BTC,0.09228279026333208,1001.02713097,
2025-02-20,BTC,0.004064632241152315,22.04531928,
2025-02-21,BTC,0.15692831203403088,567.4207058366666,
2025-02-22,BTC,2.1458393026782177,3879.4581932216665,
2025-02-23,BTC,0.021026013673771132,114.03865273000001,
2025-02-24,BTC,5.7931002674507745e-09,6.284e-05,
2025-02-25,BTC,9.683733131984168e-07,0.01050432,
2025-02-26,BTC,0.094205930978808,37.84771045888889,
2025-02-27,BTC,0.6505518481153425,1008.1125143514284,
2025-02-28,BTC,1.1655255727541745,1404.7674265844444,
2025-03-01,BTC,0.12099648260735356,343.896241946595,
2025-03-02,BTC,2.9064972298243357e-07,0.001576395,
2025-03-03,BTC,0.0361507259289834,78.42818223399999,
2025-03-04,BTC,0.11542765988869397,417.3628289133333,
2025-03-05,BTC,0.98708545016326,10707.29778954,
2025-03-06,BTC,0.09311826085053959,336.6966012266667,
2025-03-07,BTC,8.505840234096923e-06,0.046133070000000005,
2025-03-08,BTC,0.12459621725279899,337.88584396500005,
2025-03-09,BTC,0.20212968474821172,313.22555659,
2025-03-10,BTC,0.0936456285030742,253.9525911625,
2025-03-11,BTC,0.44957151059658984,221.6670962918182,
2025-03-12,BTC,7.689317317119694e-08,4.389947368421053e-05,
2025-03-13,BTC,0.027771762264481182,37.65638130125,
2025-03-14,BTC,0.4071126108906816,443.5257164842674,
2025-03-15,BTC,44.27294882990738,10565.971628771462,
2025-03-16,BTC,0.08666461472373162,238.436013688416,
2025-03-17,BTC,0.09620310339397192,347.8507614333333,
2025-03-18,BTC,0.03324997446728981,72.135067548,
2025-03-19,BTC,0.002045730020276533,2.4656472266666665,
2025-03-20,BTC,0.09218805431644635,333.3331645,
2025-03-21,BTC,0.05314203679370809,64.05024824444445,
2025-03-22,BTC,2.055057147708667e-08,5.573e-05,
2025-03-23,BTC,3.020082189078412e-09,1.0920000000000002e-05,
2025-03-24,BTC,0.06300688868503622,191.756301981177,
2025-03-25,BTC,1.0603092027748104,11501.584165,
2025-03-26,BTC,1.4156202812915444,2559.29681775,
2025-03-27,BTC,5.589954568065757e-07,0.00606364,
2025-03-28,BTC,8.877935378678411e-07,0.0007407876923076923,
2025-03-29,BTC,1.409371688236592e-08,5.46e-06,
2025-03-30,BTC,0.07671285902960533,94.22153870725357,
2025-03-31,BTC,2.4872349652422324e-09,2.698e-05,
2025-04-01,BTC,5.431130055617399,7364.196132867501,
2025-04-02,BTC,0.007377940709229469,16.006275492,
2025-04-03,BTC,0.9302689080193963,10090.98677411,
2025-04-04,BTC,0.08850052727994429,479.9997305,
2025-04-05,BTC,9.218810100971951e-10,1e-05,
2025-04-06,BTC,0.6646998426062214,3605.12818534,
2025-04-07,BTC,3.7957989650246964e-07,0.002058725,
2025-04-08,BTC,0.12410334200688364,269.239393474,
2025-04-09,BTC,0.050604808443461616,109.78598732200001,
2025-04-10,BTC,0.18498773370725471,497.0817329576905,
2025-04-11,BTC,0.13669855467000183,20.31263167561644,
2025-04-12,BTC,1.6214135393690476e-07,2.5125857142857143e-05,
2025-04-13,BTC,0.02556942895860692,25.214680812727273,
2025-04-14,BTC,0.03016382836014029,109.06623895333333,
2025-04-15,BTC,0.0956631182187882,518.84742809,
2025-04-16,BTC,34.16364819671268,74117.262038212,
2025-04-17,BTC,0.11525269080572191,1250.1905294,
2025-04-18,BTC,4.38446608402226e-09,1.189e-05,
2025-04-19,BTC,0.14525355398418452,480.32311022948073,
2025-04-20,BTC,0.15357558612278435,447.5898494759661,
2025-04-21,BTC,2.253356037657078,3491.860683252857,
2025-04-22,BTC,0.02111127454054142,45.800432614,
2025-04-23,BTC,0.4377333622245652,1582.7543809166666,
2025-04-24,BTC,0.017856311117713075,48.4235788625,
2025-04-25,BTC,4.3194919454178375,6693.600054217143,
2025-04-26,BTC,0.2409921793079041,10565.971628771462,
2025-04-27,BTC,2.8466763710791284e-08,5.1464999999999996e-05,
2025-04-28,BTC,0.017575974063666025,27.23619870857143,
2025-04-29,BTC,0.008296962921142185,45.000183485,
2025-04-30,BTC,3.276365109885431e-09,1.777e-05,
2025-05-01,BTC,0.6218233471166695,1349.0316869659998,
2025-05-02,BTC,1.7740849029702368,4811.0463377025,
2025-05-03,BTC,6.0475394262375985e-09,6.56e-05,
2025-05-04,BTC,0.12989044605714897,168.56654640030942,
2025-05-05,BTC,0.05470932383625783,158.10821683359663,
2025-05-06,BTC,0.05648343542166323,38.85001169249,
2025-05-07,BTC,0.06464958462845177,116.87984298833332,
2025-05-08,BTC,0.005984301036587193,64.91402872,
2025-05-09,BTC,0.6715375870949694,7284.42803073,
2025-05-10,BTC,0.5382306771852023,2919.19820069,
2025-05-11,BTC,1.8946498519517553e-08,0.00020552,
2025-05-12,BTC,0.11518679086907924,249.895137458,
2025-05-13,BTC,0.02365096402361422,256.55115752,
2025-05-14,BTC,0.6659234223588495,2407.8430045566665,
2025-05-15,BTC,2.8386714326258846,6158.433467084,
2025-05-16,BTC,0.3933253682239567,217.07588764014127,
2025-05-17,BTC,0.08883318140673836,160.6013148366667,
2025-05-18,BTC,0.08517017408502664,252.5047780298707,
2025-05-19,BTC,0.02077479137359687,75.11739999000001,
2025-05-20,BTC,0.00019551408813160625,0.7069389866666667,
2025-05-21,BTC,0.6613116023783697,1434.700563598,
2025-05-22,BTC,3.654067548514218,7927.416897607999,
2025-05-23,BTC,0.6562896732575431,7119.02800979,
2025-05-24,BTC,0.10278101889667768,231.0263637756928,
2025-05-25,BTC,8.50250855612643e-09,9.223e-05,
2025-05-26,BTC,6.526917551488141e-10,7.08e-06,
2025-05-27,BTC,0.6798313206401988,819.3770408233335,
2025-05-28,BTC,0.4583304662560845,231.0263637756928,
2025-05-29,BTC,0.7678480656588561,231.0263637756928,
2025-05-30,BTC,4.1689671791019395e-07,0.00452224,
2025-05-31,BTC,0.5961390439177938,3233.27543028,
2025-06-01,BTC,1.526911517023984e-08,0.00016563,
2025-06-02,BTC,0.11548100973090838,250.533438624,
2025-06-03,BTC,100.0,90394.89090305417,
2025-06-04,BTC,2.515813276555246e-08,0.0002729,
2025-06-05,BTC,9.341881215819928e-08,0.00101335,
2025-06-06,BTC,0.8974060074525277,4867.255088365,
2025-06-07,BTC,0.6466099226718038,3507.014005005,
2025-06-08,BTC,0.9872761559044331,362.91116925865225,
2025-06-09,BTC,0.3195513919571722,362.91116925865225,
2025-06-10,BTC,0.5642593473631006,362.91116925865225,
2025-06-11,BTC,0.5306350269778284,5756.00344476,
2025-06-12,BTC,2.0139873487088373e-07,0.00218465,
2025-06-13,BTC,3.5079047443814426e-07,0.00042279555555555556,
2025-06-14,BTC,0.8275434951164464,2992.228158343333,
2025-06-15,BTC,0.08403539811850526,193.96172964173826,
2025-06-16,BTC,10.079767751372232,18223.190124268334,
2025-06-17,BTC,1.0157838097856955e-07,8.475846153846155e-05,
2025-06-18,BTC,0.46448938754953506,2519.24805079,
2025-06-19,BTC,0.43616836941490916,193.96172964173826,
2025-06-20,BTC,0.2931541098323402,322.10072646521087,
2025-06-21,BTC,3.515159947930908e-07,0.00018157285714285714,
2025-06-22,BTC,0.18455940033409185,2001.987223,
2025-06-23,BTC,0.047382891939953854,171.32685390333336,
2025-06-24,BTC,0.763834756471107,1183.6587339285713,
2025-06-25,BTC,0.021992692260842852,238.56324211,
2025-06-26,BTC,0.005285269217767165,28.66568006,
2025-06-27,BTC,1.290724602832333,4666.996386356666,
2025-06-28,BTC,8.293315317315174e-07,0.00224902,
2025-06-29,BTC,0.02534945142922774,65.05846644623135,
2025-06-30,BTC,0.00023983747624908627,0.26016099000000004,
2025-07-01,BTC,0.6886109244834566,64.95329675826088,
2025-07-02,BTC,0.7514852858408413,4075.82582573,
2025-07-03,BTC,0.6913190542135156,94.9241171921519,
2025-07-04,BTC,2.7593853019950457e-06,0.004276017142857144,
2025-07-05,BTC,4.5221029188297705e-08,8.175499999999999e-05,
2025-07-06,BTC,2.1466466713785305e-05,0.005970642820512821,
2025-07-07,BTC,0.05651892927937643,38.31766834625,
2025-07-08,BTC,1.0097682897815485,576.4919645821053,
2025-07-09,BTC,0.4080901545132232,72.56904589344262,
2025-07-10,BTC,0.1909154405004864,414.18672997799996,
2025-07-11,BTC,2.3365077017960525,517.2449603216327,
2025-07-12,BTC,0.7883033348091105,712.5859394858334,
2025-07-13,BTC,0.6628547705875804,312.6192243747826,
2025-07-14,BTC,5.790885629797214,1231.685822911961,
2025-07-15,BTC,3.4048364050242768,1678.7989929540906,
2025-07-16,BTC,33.09364098361717,39886.614217318885,
2025-07-17,BTC,2.5624246229754624,9265.203769646667,
2025-07-18,BTC,1.076950154168438,91.9850000259055,
2025-07-19,BTC,0.23840173253388905,198.92583326307692,
2025-07-20,BTC,1.0778264017652366e-07,5.5674285714285716e-05,
2025-07-21,BTC,0.15450740311542807,79.80959913333334,
2025-07-22,BTC,54.648073736131494,16936.822846078856,
2025-07-23,BTC,0.023563290594240508,5.6800028868888885,
2025-07-24,BTC,1.6091491548888195,260.52333546791044,
2025-07-25,BTC,0.7835518493633166,653.8069286776923,
2025-07-26,BTC,0.2766563968189753,125.04162404041666,
2025-07-27,BTC,2.0325632510622958e-08,0.00022048,
2025-07-28,BTC,0.04720212415997473,128.004925915,
2025-07-29,BTC,0.5007133626266047,2715.7157873,
2025-07-30,BTC,2.1385684573929655,2577.542165263333,
2025-07-31,BTC,0.02954649928387815,64.10046190400001,
2025-08-01,BTC,0.5949057037914561,2151.057447673333,
2025-08-02,BTC,0.3652483953148337,330.16588846999997,
2025-08-03,BTC,0.09380498465391145,161.30059739694,
2025-08-04,BTC,2.547723294315654,9212.046769633334,
2025-08-05,BTC,0.11347626018858058,410.3069663933333,
2025-08-06,BTC,0.1176642754796145,141.81665793555555,
2025-08-07,BTC,11.545344144053336,20872.802486798333,
2025-08-08,BTC,0.4073214416093284,2209.186636605,
2025-08-09,BTC,0.47397644338236666,1028.281173364,
2025-08-10,BTC,0.1906467917213272,89.91389185391304,
2025-08-11,BTC,0.03412202905886191,185.06742565,
2025-08-12,BTC,0.06941770743138301,62.7500609,
2025-08-13,BTC,1.5853831303634875,2149.65802663125,
2025-08-14,BTC,0.6968436887643287,755.8933106679999,
2025-08-15,BTC,0.31876848134264707,256.136611112493,
2025-08-16,BTC,0.039204523204754066,212.63331588,
2025-08-17,BTC,3.2059629374303324,3864.0355995766668,
2025-08-18,BTC,8.614056158348192e-09,2.336e-05,
2025-08-19,BTC,2.411641472295323,6540.0020335625,
2025-08-20,BTC,2.217031348318663,12024.498411595,
2025-08-21,BTC,0.10165596335643705,137.83769575875,
2025-08-22,BTC,0.09056094409726659,140.33565705857146,
2025-08-23,BTC,5.3546536590485475e-08,5.8084e-05,
2025-08-24,BTC,0.9315136667372388,1684.0815255883333,
2025-08-25,BTC,3.050245352985438,8271.79787732,
2025-08-26,BTC,0.027022555332097152,58.62482258800001,
2025-08-27,BTC,1.1003229861122086,299.5356483707429,
2025-08-28,BTC,0.4075351129478343,2210.345524445,
2025-08-29,BTC,6.500960090674898,7835.381042155555,
2025-08-30,BTC,7.8309049131650985,4719.158635318334,
2025-08-31,BTC,2.1645808994569955,11740.023255435,
2025-09-01,BTC,0.2883819795200433,378.5357328072672,
2025-09-02,BTC,1.6611442388371005,9009.537134635,
2025-09-03,BTC,0.018437618749981313,199.99998425,
2025-09-04,BTC,0.25279738877050845,275.99555308441586,
2025-09-05,BTC,0.3057465106685274,275.97935064615746,
2025-09-06,BTC,0.5129502145889687,275.97935064615746,
2025-09-07,BTC,0.20658998018878139,241.6584459815136,
2025-09-08,BTC,0.12889069629017275,74.00052523155091,
2025-09-09,BTC,0.32784497289792475,259.78786090086174,
2025-09-10,BTC,0.10922074862425225,137.08648499631389,
2025-09-11,BTC,0.301828262796487,423.6760110478571,
2025-09-12,BTC,9.92609933706276e-06,0.00010898,
2025-09-13,BTC,0.08395871875811485,910.7327067,
2025-09-14,BTC,0.15952909756817313,138.54306052695455,
2025-09-15,BTC,0.3118264118584179,335.12202671370625,
2025-09-16,BTC,0.6256436122766285,383.5342989361426,
2025-09-17,BTC,1.5580861148995655,383.5342989361426,
2025-09-18,BTC,0.7604068796688006,383.5342989361426,
2025-09-19,BTC,1.2842732278454287,383.5342989361426,
2025-09-20,BTC,0.1306414755535347,70.97696449545498,
2025-09-21,BTC,0.11182854562511292,94.26111408785047,
2025-09-22,BTC,0.8529537001998304,291.87671556820004,
2025-09-23,BTC,0.46889162197275536,1695.4162805433334,
2025-09-24,BTC,5.227065327251096e-10,5.67e-06,
2025-09-25,BTC,0.5819042320865929,239.66526462548742,
2025-09-26,BTC,5.540504870684143e-10,6.01e-06,
2025-09-27,BTC,0.43911952429264495,355.3316331919294,
2025-09-28,BTC,0.07358645109181443,78.10752976022222,
2025-09-29,BTC,1.3597820393226117,14.959515103022314,
2025-09-30,BTC,5.230101382329448,4364.071789546923,
2025-10-01,BTC,0.8021363082123472,264.75088581286644,
2025-10-02,BTC,0.5191435144669528,448.5846572956784,
2025-10-03,BTC,2.973085757516076,448.5846572956784,
2025-10-04,BTC,0.9896544656513002,448.5846572956784,
2025-10-05,BTC,0.10385939771825972,75.19556813161263,
2025-10-06,BTC,0.40052536710807995,309.53521945780005,
2025-10-07,BTC,0.9346405344495585,309.53521945780005,
2025-10-08,BTC,0.8320916419167999,450.64804274398904,
2025-10-09,BTC,0.36150525511585446,196.09449951885014,
2025-10-10,BTC,0.37551326670253815,234.80246413951275,
2025-10-11,BTC,0.37551326670253815,10565.971628771462,
2025-10-12,BTC,1.236322205107221,448.500970306846,
2025-10-13,BTC,2.0583758729601396,448.500970306846,
2025-10-14,BTC,0.8609300775505828,377.6520728089668,
2025-10-15,BTC,1.0412296794025162,451.5578601046028,
2025-10-16,BTC,20.219621219065445,451.5578601046028,
2025-10-17,BTC,8.655720135853445,451.5578601046028,
2025-10-18,BTC,7.944592670345848,451.5578601046028,
2025-10-19,BTC,6.311013124310342,451.5578601046028,
2025-10-20,BTC,20.222751875608505,451.5578601046028,
2025-10-21,BTC,7.981669031228597,451.5578601046028,
2025-10-22,BTC,7.89885612051463,451.5578601046028,
2025-10-23,BTC,6.609465919105356,451.5578601046028,
2025-10-24,BTC,1.9727581678213986,457.4806757329737,
2025-10-25,BTC,4.5748520172962905,457.4806757329737,
2025-10-26,BTC,4.077364186139356,457.4806757329737,
2025-10-27,BTC,7.760788299835167,457.4806757329737,
2025-10-28,BTC,3.5217968351378013,380.1531401067169,
2025-10-29,BTC,6.067718384320566,380.1531401067169,
2025-10-30,BTC,5.651459342415727,421.87369823529417,
2025-10-31,BTC,0.18075427280811004,1.9626742066966965,
2025-11-01,BTC,4.077588766019053,356.8214292725191,
2025-11-02,BTC,4.556483480101738,400.6655835021733,
2025-11-03,BTC,7.789047995343941,400.6655835021733,
2025-11-04,BTC,7.956692962510129,400.6655835021733,
2025-11-05,BTC,20.757969037765275,400.6655835021733,
2025-11-06,BTC,3.7580103410400323,484.9542974915572,
2025-11-07,BTC,7.104197019681788,268.5696030262724,
2025-11-08,BTC,6.2986379557514,164.75060014420444,
2025-11-09,BTC,0.09517781933080909,176.93105886486487,
2025-11-10,BTC,21.24,67.2541,53.11
2025-11-11,BTC,21.31,66.1153,53.27
2025-11-12,BTC,21.41,66.0395,53.53
2025-11-13,BTC,21.48,64.9677,53.69
2025-11-14,BTC,4.570720157659266e-06,4.963e-05,
2025-11-15,BTC,21.36,64.8835,53.4
2025-11-16,BTC,21.27,66.0089,53.18
2025-11-17,BTC,21.15,67.6516,52.88
2025-11-18,BTC,21.06,68.29,52.66
2025-11-19,BTC,21.03,68.8932,52.58
2025-11-20,BTC,20.98,68.7304,52.44
2025-11-21,BTC,20.98,67.7282,52.45
2025-11-22,BTC,21.05,67.215,52.64
2025-11-23,BTC,12.56,67.215,
2025-11-24,BTC,12.56,67.215,
2025-11-24,ETH,12.56,67.215,
2025-11-25,BTC,12.56,67.215,
2025-11-25,ETH,12.56,67.215,
2025-11-26,ETH,12.56,67.215,
2025-11-26,BTC,12.56,67.215,
2025-11-27,BTC,12.56,67.215,
2025-11-27,ETH,12.56,67.215,
2025-11-28,ETH,12.56,67.215,
2025-11-29,ETH,12.56,67.215,
2025-11-30,BTC,12.58,0.0,
2025-11-30,ETH,12.56,67.215,
2025-12-01,BTC,12.58,0.0,
2025-12-01,ETH,12.56,67.215,
2025-12-02,ETH,12.56,67.215,
2025-12-02,BTC,12.58,0.0,
2025-12-03,BTC,12.58,0.0,
2025-12-03,ETH,12.56,67.215,
2025-12-04,ETH,12.56,67.215,
2025-12-04,BTC,12.58,0.0,
2025-12-05,ETH,12.56,67.215,
2025-12-05,BTC,12.58,0.0,
2025-12-06,ETH,12.56,67.215,
2025-12-06,BTC,12.58,0.0,
2025-12-07,BTC,12.58,0.0,
2025-12-07,ETH,12.56,67.215,
2025-12-08,ETH,12.56,67.215,
2025-12-08,BTC,12.58,0.0,
2025-12-09,ETH,12.56,67.215,
2025-12-09,BTC,12.58,0.0,
2025-12-10,ETH,12.56,67.215,
2025-12-10,BTC,12.58,0.0,
2025-12-11,ETH,12.56,67.215,
2025-12-11,BTC,12.58,0.0,
2025-12-12,BTC,12.58,0.0,
2025-12-12,ETH,12.56,67.215,
2025-12-13,BTC,12.58,0.0,
2025-12-13,ETH,12.56,67.215,
2025-12-14,BTC,12.58,0.0,
2025-12-14,ETH,12.56,67.215,
