date,krw_usd
2022-08-11,1310.0
2022-08-12,1310.0
2022-08-13,1310.0
2022-08-14,1310.0
2022-08-15,1310.0
2022-08-16,1310.0
2022-08-17,1310.0
2022-08-18,1310.0
2022-08-19,1310.0
2022-08-20,1310.0
2022-08-21,1310.0
2022-08-22,1310.0
2022-08-23,1310.0
2022-08-24,1310.0
2022-08-25,1310.0
2022-08-26,1310.0
2022-08-27,1310.0
2022-08-28,1310.0
2022-08-29,1310.0
2022-08-30,1310.0
2022-08-31,1310.0
2022-09-01,1400.0
2022-09-02,1400.0
2022-09-03,1400.0
2022-09-04,1400.0
2022-09-05,1400.0
2022-09-06,1400.0
2022-09-07,1400.0
2022-09-08,1400.0
2022-09-09,1400.0
2022-09-10,1400.0
2022-09-11,1400.0
2022-09-12,1400.0
2022-09-13,1400.0
2022-09-14,1400.0
2022-09-15,1400.0
2022-09-16,1400.0
2022-09-17,1400.0
2022-09-18,1400.0
2022-09-19,1400.0
2022-09-20,1400.0
2022-09-21,1400.0
2022-09-22,1400.0
2022-09-23,1400.0
2022-09-24,1400.0
2022-09-25,1400.0
2022-09-26,1400.0
2022-09-27,1400.0
2022-09-28,1400.0
2022-09-29,1400.0
2022-09-30,1400.0
2022-10-01,1430.0
2022-10-02,1430.0
2022-10-03,1430.0
2022-10-04,1430.0
2022-10-05,1430.0
2022-10-06,1430.0
2022-10-07,1430.0
2022-10-08,1430.0
2022-10-09,1430.0
2022-10-10,1430.0
2022-10-11,1430.0
2022-10-12,1430.0
2022-10-13,1430.0
2022-10-14,1430.0
2022-10-15,1430.0
2022-10-16,1430.0
2022-10-17,1430.0
2022-10-18,1430.0
2022-10-19,1430.0
2022-10-20,1430.0
2022-10-21,1430.0
2022-10-22,1430.0
2022-10-23,1430.0
2022-10-24,1430.0
2022-10-25,1430.0
2022-10-26,1430.0
2022-10-27,1430.0
2022-10-28,1430.0
2022-10-29,1430.0
2022-10-30,1430.0
2022-10-31,1430.0
2022-11-01,1350.0
2022-11-02,1350.0
2022-11-03,1350.0
2022-11-04,1350.0
2022-11-05,1350.0
2022-11-06,1350.0
2022-11-07,1350.0
2022-11-08,1350.0
2022-11-09,1350.0
2022-11-10,1350.0
2022-11-11,1350.0
2022-11-12,1350.0
2022-11-13,1350.0
2022-11-14,1350.0
2022-11-15,1350.0
2022-11-16,1350.0
2022-11-17,1350.0
2022-11-18,1350.0
2022-11-19,1350.0
2022-11-20,1350.0
2022-11-21,1350.0
2022-11-22,1350.0
2022-11-23,1350.0
2022-11-24,1350.0
2022-11-25,1350.0
2022-11-26,1350.0
2022-11-27,1350.0
2022-11-28,1350.0
2022-11-29,1350.0
2022-11-30,1350.0
2022-12-01,1290.0
2022-12-02,1290.0
2022-12-03,1290.0
2022-12-04,1290.0
2022-12-05,1290.0
2022-12-06,1290.0
2022-12-07,1290.0
2022-12-08,1290.0
2022-12-09,1290.0
2022-12-10,1290.0
2022-12-11,1290.0
2022-12-12,1290.0
2022-12-13,1290.0
2022-12-14,1290.0
2022-12-15,1290.0
2022-12-16,1290.0
2022-12-17,1290.0
2022-12-18,1290.0
2022-12-19,1290.0
2022-12-20,1290.0
2022-12-21,1290.0
2022-12-22,1290.0
2022-12-23,1290.0
2022-12-24,1290.0
2022-12-25,1290.0
2022-12-26,1290.0
2022-12-27,1290.0
2022-12-28,1290.0
2022-12-29,1290.0
2022-12-30,1290.0
2022-12-31,1290.0
2023-01-01,1278.65
2023-01-02,1267.3
2023-01-03,1268.9
2023-01-04,1272.1
2023-01-05,1274.7
2023-01-06,1270.3
2023-01-07,1268.75
2023-01-08,1267.975
2023-01-09,1267.2
2023-01-10,1246.8
2023-01-11,1240.8
2023-01-12,1245.3
2023-01-13,1244.6
2023-01-14,1242.6
2023-01-15,1241.6
2023-01-16,1240.6
2023-01-17,1234.0
2023-01-18,1238.5
2023-01-19,1239.8
2023-01-20,1236.0
2023-01-21,1235.2
2023-01-22,1234.8000000000002
2023-01-23,1234.6000000000001
2023-01-24,1234.5
2023-01-25,1234.4
2023-01-26,1233.4
2023-01-27,1231.4
2023-01-28,1230.8000000000002
2023-01-29,1230.5
2023-01-30,1230.2
2023-01-31,1228.7
2023-02-01,1230.8
2023-02-02,1231.4
2023-02-03,1219.3
2023-02-04,1223.25
2023-02-05,1225.225
2023-02-06,1227.2
2023-02-07,1247.5
2023-02-08,1256.0
2023-02-09,1257.1
2023-02-10,1263.1
2023-02-11,1263.6999999999998
2023-02-12,1264.0
2023-02-13,1264.3
2023-02-14,1274.6
2023-02-15,1269.9
2023-02-16,1279.3
2023-02-17,1283.7
2023-02-18,1290.7
2023-02-19,1294.2
2023-02-20,1297.7
2023-02-21,1295.8
2023-02-22,1295.8
2023-02-23,1303.8
2023-02-24,1299.6
2023-02-25,1300.05
2023-02-26,1300.275
2023-02-27,1300.5
2023-02-28,1317.4
2023-03-01,1318.3000000000002
2023-03-02,1319.2
2023-03-03,1310.4
2023-03-04,1307.6
2023-03-05,1306.1999999999998
2023-03-06,1304.8
2023-03-07,1296.7
2023-03-08,1299.1
2023-03-09,1319.5
2023-03-10,1319.7
2023-03-11,1322.7
2023-03-12,1324.2
2023-03-13,1325.7
2023-03-14,1307.3
2023-03-15,1304.9
2023-03-16,1302.0
2023-03-17,1312.1
2023-03-18,1307.85
2023-03-19,1305.725
2023-03-20,1303.6
2023-03-21,1308.4
2023-03-22,1307.8
2023-03-23,1307.1
2023-03-24,1287.2
2023-03-25,1288.45
2023-03-26,1289.075
2023-03-27,1289.7
2023-03-28,1300.3
2023-03-29,1297.4
2023-03-30,1299.3
2023-03-31,1303.8
2023-04-01,1299.6
2023-04-02,1297.5
2023-04-03,1295.4
2023-04-04,1316.3
2023-04-05,1310.3
2023-04-06,1311.9
2023-04-07,1318.7
2023-04-08,1318.8000000000002
2023-04-09,1318.8500000000001
2023-04-10,1318.9
2023-04-11,1320.0
2023-04-12,1319.5
2023-04-13,1324.2
2023-04-14,1318.0
2023-04-15,1308.65
2023-04-16,1303.975
2023-04-17,1299.3
2023-04-18,1311.3
2023-04-19,1318.8
2023-04-20,1318.8
2023-04-21,1327.6
2023-04-22,1327.75
2023-04-23,1327.825
2023-04-24,1327.9
2023-04-25,1332.7
2023-04-26,1333.3
2023-04-27,1337.3
2023-04-28,1339.9
2023-04-29,1339.5
2023-04-30,1339.3
2023-05-01,1339.1999999999998
2023-05-02,1339.1
2023-05-03,1340.2
2023-05-04,1339.1
2023-05-05,1332.35
2023-05-06,1328.975
2023-05-07,1327.2875
2023-05-08,1325.6
2023-05-09,1322.7
2023-05-10,1323.0
2023-05-11,1324.2
2023-05-12,1320.3
2023-05-13,1326.9499999999998
2023-05-14,1330.2749999999999
2023-05-15,1333.6
2023-05-16,1337.8
2023-05-17,1336.0
2023-05-18,1339.4
2023-05-19,1332.7
2023-05-20,1331.95
2023-05-21,1331.575
2023-05-22,1331.2
2023-05-23,1319.1
2023-05-24,1311.4
2023-05-25,1317.5
2023-05-26,1323.4
2023-05-27,1324.5
2023-05-28,1325.05
2023-05-29,1325.3249999999998
2023-05-30,1325.6
2023-05-31,1322.2
2023-06-01,1321.6
2023-06-02,1320.7
2023-06-03,1314.75
2023-06-04,1311.775
2023-06-05,1308.8
2023-06-06,1308.55
2023-06-07,1308.3
2023-06-08,1300.5
2023-06-09,1306.1
2023-06-10,1300.5
2023-06-11,1297.7
2023-06-12,1294.9
2023-06-13,1291.1
2023-06-14,1277.5
2023-06-15,1275.9
2023-06-16,1280.1
2023-06-17,1276.8
2023-06-18,1275.15
2023-06-19,1273.5
2023-06-20,1280.7
2023-06-21,1282.2
2023-06-22,1291.5
2023-06-23,1291.4
2023-06-24,1296.8000000000002
2023-06-25,1299.5
2023-06-26,1302.2
2023-06-27,1303.8
2023-06-28,1303.1
2023-06-29,1304.3
2023-06-30,1312.8
2023-07-01,1316.1
2023-07-02,1317.75
2023-07-03,1319.4
2023-07-04,1310.0
2023-07-05,1301.7
2023-07-06,1300.8
2023-07-07,1303.8
2023-07-08,1305.55
2023-07-09,1306.425
2023-07-10,1307.3
2023-07-11,1303.8
2023-07-12,1295.0
2023-07-13,1291.4
2023-07-14,1276.2
2023-07-15,1271.0
2023-07-16,1268.4
2023-07-17,1265.8
2023-07-18,1266.1
2023-07-19,1261.6
2023-07-20,1265.4
2023-07-21,1265.8
2023-07-22,1273.75
2023-07-23,1277.725
2023-07-24,1281.7
2023-07-25,1283.8
2023-07-26,1280.7
2023-07-27,1278.7
2023-07-28,1273.4
2023-07-29,1276.7
2023-07-30,1278.35
2023-07-31,1280.0
2023-08-01,1273.8
2023-08-02,1280.7
2023-08-03,1293.0
2023-08-04,1298.8
2023-08-05,1301.35
2023-08-06,1302.625
2023-08-07,1303.9
2023-08-08,1304.1
2023-08-09,1312.6
2023-08-10,1318.3
2023-08-11,1317.3
2023-08-12,1319.1999999999998
2023-08-13,1320.1499999999999
2023-08-14,1321.1
2023-08-15,1326.1999999999998
2023-08-16,1331.3
2023-08-17,1338.3
2023-08-18,1341.6
2023-08-19,1339.25
2023-08-20,1338.075
2023-08-21,1336.9
2023-08-22,1341.5
2023-08-23,1338.7
2023-08-24,1338.0
2023-08-25,1324.0
2023-08-26,1325.3
2023-08-27,1325.9499999999998
2023-08-28,1326.6
2023-08-29,1322.5
2023-08-30,1322.0
2023-08-31,1321.4
2023-09-01,1322.3
2023-09-02,1320.75
2023-09-03,1319.975
2023-09-04,1319.2
2023-09-05,1319.3
2023-09-06,1324.3
2023-09-07,1332.6
2023-09-08,1334.7
2023-09-09,1334.0500000000002
2023-09-10,1333.7250000000001
2023-09-11,1333.4
2023-09-12,1332.4
2023-09-13,1326.1
2023-09-14,1327.8
2023-09-15,1326.1
2023-09-16,1326.85
2023-09-17,1327.225
2023-09-18,1327.6
2023-09-19,1326.0
2023-09-20,1323.7
2023-09-21,1329.3
2023-09-22,1339.1
2023-09-23,1338.35
2023-09-24,1337.975
2023-09-25,1337.6
2023-09-26,1333.7
2023-09-27,1344.8
2023-09-28,1348.05
2023-09-29,1349.675
2023-09-30,1350.4875
2023-10-01,1350.89375
2023-10-02,1351.096875
2023-10-03,1351.1984375
2023-10-04,1351.3
2023-10-05,1360.6
2023-10-06,1349.4
2023-10-07,1348.85
2023-10-08,1348.5749999999998
2023-10-09,1348.4375
2023-10-10,1348.3
2023-10-11,1348.3
2023-10-12,1339.6
2023-10-13,1339.9
2023-10-14,1344.65
2023-10-15,1347.025
2023-10-16,1349.4
2023-10-17,1353.8
2023-10-18,1351.9
2023-10-19,1351.7
2023-10-20,1357.6
2023-10-21,1356.35
2023-10-22,1355.725
2023-10-23,1355.1
2023-10-24,1353.2
2023-10-25,1343.9
2023-10-26,1347.0
2023-10-27,1357.1
2023-10-28,1354.6999999999998
2023-10-29,1353.5
2023-10-30,1352.3
2023-10-31,1352.8
2023-11-01,1349.6
2023-11-02,1356.9
2023-11-03,1343.2
2023-11-04,1334.5
2023-11-05,1330.15
2023-11-06,1325.8
2023-11-07,1303.2
2023-11-08,1306.1
2023-11-09,1305.5
2023-11-10,1309.0
2023-11-11,1312.85
2023-11-12,1314.775
2023-11-13,1316.7
2023-11-14,1322.7
2023-11-15,1325.3
2023-11-16,1302.0
2023-11-17,1303.9
2023-11-18,1299.15
2023-11-19,1296.775
2023-11-20,1294.4
2023-11-21,1292.4
2023-11-22,1287.7
2023-11-23,1295.7
2023-11-24,1298.7
2023-11-25,1300.4
2023-11-26,1301.25
2023-11-27,1302.1
2023-11-28,1304.7
2023-11-29,1294.0
2023-11-30,1289.0
2023-12-01,1290.4
2023-12-02,1296.8000000000002
2023-12-03,1300.0
2023-12-04,1303.2
2023-12-05,1301.8
2023-12-06,1311.7
2023-12-07,1312.4
2023-12-08,1322.7
2023-12-09,1315.3000000000002
2023-12-10,1311.6000000000001
2023-12-11,1307.9
2023-12-12,1318.3
2023-12-13,1315.7
2023-12-14,1316.5
2023-12-15,1295.6
2023-12-16,1295.15
2023-12-17,1294.9250000000002
2023-12-18,1294.7
2023-12-19,1298.7
2023-12-20,1304.7
2023-12-21,1300.2
2023-12-22,1303.8
2023-12-23,1302.25
2023-12-24,1301.475
2023-12-25,1301.0875
2023-12-26,1300.7
2023-12-27,1296.8
2023-12-28,1294.4
2023-12-29,1289.4
2023-12-30,1289.4
2023-12-31,1289.4
2024-01-01,1289.4
2024-01-02,1289.4
2024-01-03,1299.3
2024-01-04,1308.8
2024-01-05,1310.2
2024-01-06,1311.95
2024-01-07,1312.825
2024-01-08,1313.7
2024-01-09,1314.8
2024-01-10,1312.1
2024-01-11,1320.1
2024-01-12,1316.0
2024-01-13,1315.05
2024-01-14,1314.5749999999998
2024-01-15,1314.1
2024-01-16,1319.3
2024-01-17,1329.0
2024-01-18,1343.2
2024-01-19,1342.4
2024-01-20,1339.45
2024-01-21,1337.975
2024-01-22,1336.5
2024-01-23,1334.7
2024-01-24,1336.0
2024-01-25,1339.1
2024-01-26,1335.7
2024-01-27,1336.15
2024-01-28,1336.375
2024-01-29,1336.6
2024-01-30,1336.9
2024-01-31,1330.6
2024-02-01,1333.5
2024-02-02,1332.5
2024-02-03,1328.8
2024-02-04,1326.9499999999998
2024-02-05,1325.1
2024-02-06,1334.6
2024-02-07,1329.6
2024-02-08,1325.3
2024-02-09,1326.25
2024-02-10,1326.725
2024-02-11,1326.9625
2024-02-12,1327.0812500000002
2024-02-13,1327.2
2024-02-14,1328.4
2024-02-15,1336.9
2024-02-16,1333.2
2024-02-17,1333.1
2024-02-18,1333.05
2024-02-19,1333.0
2024-02-20,1333.8
2024-02-21,1337.9
2024-02-22,1335.0
2024-02-23,1331.0
2024-02-24,1330.15
2024-02-25,1329.725
2024-02-26,1329.3
2024-02-27,1331.4
2024-02-28,1331.3
2024-02-29,1334.0
2024-03-01,1334.05
2024-03-02,1334.0749999999998
2024-03-03,1334.0874999999999
2024-03-04,1334.1
2024-03-05,1330.1
2024-03-06,1333.2
2024-03-07,1335.7
2024-03-08,1329.6
2024-03-09,1326.35
2024-03-10,1324.725
2024-03-11,1323.1
2024-03-12,1314.4
2024-03-13,1311.1
2024-03-14,1312.8
2024-03-15,1316.9
2024-03-16,1322.65
2024-03-17,1325.525
2024-03-18,1328.4
2024-03-19,1333.0
2024-03-20,1338.5
2024-03-21,1338.7
2024-03-22,1326.3
2024-03-23,1331.1999999999998
2024-03-24,1333.6499999999999
2024-03-25,1336.1
2024-03-26,1340.7
2024-03-27,1338.6
2024-03-28,1345.8
2024-03-29,1346.8
2024-03-30,1347.1
2024-03-31,1347.25
2024-04-01,1347.4
2024-04-02,1347.1
2024-04-03,1353.0
2024-04-04,1349.1
2024-04-05,1346.8
2024-04-06,1349.3
2024-04-07,1350.55
2024-04-08,1351.8
2024-04-09,1353.6
2024-04-10,1354.0
2024-04-11,1354.4
2024-04-12,1363.7
2024-04-13,1367.65
2024-04-14,1369.625
2024-04-15,1371.6
2024-04-16,1383.7
2024-04-17,1395.3
2024-04-18,1386.3
2024-04-19,1375.9
2024-04-20,1380.45
2024-04-21,1382.725
2024-04-22,1385.0
2024-04-23,1380.6
2024-04-24,1377.9
2024-04-25,1370.0
2024-04-26,1376.6
2024-04-27,1376.25
2024-04-28,1376.075
2024-04-29,1375.9
2024-04-30,1378.7
2024-05-01,1378.35
2024-05-02,1378.0
2024-05-03,1378.5
2024-05-04,1371.85
2024-05-05,1368.525
2024-05-06,1366.8625000000002
2024-05-07,1365.2
2024-05-08,1357.8
2024-05-09,1364.4
2024-05-10,1367.9
2024-05-11,1367.9
2024-05-12,1367.9
2024-05-13,1367.9
2024-05-14,1370.1
2024-05-15,1369.55
2024-05-16,1369.0
2024-05-17,1349.4
2024-05-18,1352.3000000000002
2024-05-19,1353.75
2024-05-20,1355.2
2024-05-21,1356.2
2024-05-22,1364.4
2024-05-23,1363.1
2024-05-24,1364.5
2024-05-25,1367.25
2024-05-26,1368.625
2024-05-27,1370.0
2024-05-28,1365.4
2024-05-29,1359.5
2024-05-30,1364.8
2024-05-31,1376.5
2024-06-01,1379.05
2024-06-02,1380.3249999999998
2024-06-03,1381.6
2024-06-04,1377.6
2024-06-05,1373.1
2024-06-06,1372.3
2024-06-07,1371.5
2024-06-08,1369.2
2024-06-09,1368.0500000000002
2024-06-10,1366.9
2024-06-11,1377.9
2024-06-12,1377.4
2024-06-13,1377.8
2024-06-14,1371.0
2024-06-15,1374.35
2024-06-16,1376.025
2024-06-17,1377.7
2024-06-18,1380.4
2024-06-19,1380.5
2024-06-20,1380.8
2024-06-21,1383.8
2024-06-22,1386.4499999999998
2024-06-23,1387.7749999999999
2024-06-24,1389.1
2024-06-25,1389.7
2024-06-26,1386.4
2024-06-27,1390.1
2024-06-28,1389.2
2024-06-29,1385.8000000000002
2024-06-30,1384.1000000000001
2024-07-01,1382.4
2024-07-02,1380.8
2024-07-03,1387.4
2024-07-04,1389.4
2024-07-05,1381.9
2024-07-06,1380.45
2024-07-07,1379.725
2024-07-08,1379.0
2024-07-09,1379.4
2024-07-10,1383.4
2024-07-11,1385.6
2024-07-12,1380.1
2024-07-13,1378.1999999999998
2024-07-14,1377.25
2024-07-15,1376.3
2024-07-16,1381.9
2024-07-17,1386.0
2024-07-18,1381.5
2024-07-19,1379.9
2024-07-20,1383.25
2024-07-21,1384.925
2024-07-22,1386.6
2024-07-23,1388.6
2024-07-24,1385.1
2024-07-25,1385.1
2024-07-26,1385.4
2024-07-27,1385.4
2024-07-28,1385.4
2024-07-29,1385.4
2024-07-30,1382.0
2024-07-31,1384.6
2024-08-01,1380.1
2024-08-02,1365.9
2024-08-03,1369.35
2024-08-04,1371.0749999999998
2024-08-05,1372.8
2024-08-06,1360.6
2024-08-07,1372.2
2024-08-08,1376.4
2024-08-09,1377.7
2024-08-10,1373.5500000000002
2024-08-11,1371.4750000000001
2024-08-12,1369.4
2024-08-13,1367.7
2024-08-14,1370.3
2024-08-15,1365.85
2024-08-16,1361.4
2024-08-17,1360.75
2024-08-18,1360.425
2024-08-19,1360.1
2024-08-20,1337.8
2024-08-21,1332.0
2024-08-22,1332.4
2024-08-23,1335.9
2024-08-24,1338.0
2024-08-25,1339.05
2024-08-26,1340.1
2024-08-27,1323.9
2024-08-28,1330.4
2024-08-29,1334.7
2024-08-30,1335.3
2024-08-31,1335.05
2024-09-01,1334.925
2024-09-02,1334.8
2024-09-03,1338.8
2024-09-04,1341.0
2024-09-05,1342.0
2024-09-06,1335.8
2024-09-07,1333.1
2024-09-08,1331.75
2024-09-09,1330.4
2024-09-10,1339.5
2024-09-11,1344.3
2024-09-12,1340.3
2024-09-13,1339.6
2024-09-14,1335.3
2024-09-15,1333.15
2024-09-16,1332.075
2024-09-17,1331.5375
2024-09-18,1331.26875
2024-09-19,1331.0
2024-09-20,1331.8
2024-09-21,1330.85
2024-09-22,1330.375
2024-09-23,1329.9
2024-09-24,1335.5
2024-09-25,1334.3
2024-09-26,1328.4
2024-09-27,1329.7
2024-09-28,1324.65
2024-09-29,1322.125
2024-09-30,1319.6
2024-10-01,1313.25
2024-10-02,1306.9
2024-10-03,1313.5
2024-10-04,1320.1
2024-10-05,1326.6999999999998
2024-10-06,1330.0
2024-10-07,1333.3
2024-10-08,1346.5
2024-10-09,1347.15
2024-10-10,1347.8
2024-10-11,1349.4
2024-10-12,1349.0
2024-10-13,1348.8
2024-10-14,1348.6
2024-10-15,1354.9
2024-10-16,1360.4
2024-10-17,1363.7
2024-10-18,1366.5
2024-10-19,1368.8
2024-10-20,1369.9499999999998
2024-10-21,1371.1
2024-10-22,1370.4
2024-10-23,1380.1
2024-10-24,1382.0
2024-10-25,1380.5
2024-10-26,1382.45
2024-10-27,1383.4250000000002
2024-10-28,1384.4
2024-10-29,1387.0
2024-10-30,1383.1
2024-10-31,1383.3
2024-11-01,1379.3
2024-11-02,1378.6
2024-11-03,1378.25
2024-11-04,1377.9
2024-11-05,1371.3
2024-11-06,1377.8
2024-11-07,1391.5
2024-11-08,1399.1
2024-11-09,1392.25
2024-11-10,1388.825
2024-11-11,1385.4
2024-11-12,1395.3
2024-11-13,1401.1
2024-11-14,1407.3
2024-11-15,1406.4
2024-11-16,1404.6
2024-11-17,1403.6999999999998
2024-11-18,1402.8
2024-11-19,1392.6
2024-11-20,1392.0
2024-11-21,1391.6
2024-11-22,1398.1
2024-11-23,1399.3
2024-11-24,1399.9
2024-11-25,1400.5
2024-11-26,1398.2
2024-11-27,1401.2
2024-11-28,1396.8
2024-11-29,1394.7
2024-11-30,1394.9
2024-12-01,1395.0
2024-12-02,1395.1
2024-12-03,1402.0
2024-12-04,1403.4
2024-12-05,1413.0
2024-12-06,1414.9
2024-12-07,1417.15
2024-12-08,1418.275
2024-12-09,1419.4
2024-12-10,1433.2
2024-12-11,1428.1
2024-12-12,1431.4
2024-12-13,1431.5
2024-12-14,1432.1
2024-12-15,1432.4
2024-12-16,1432.7
2024-12-17,1434.9
2024-12-18,1436.6
2024-12-19,1436.8
2024-12-20,1449.7
2024-12-21,1450.0
2024-12-22,1450.15
2024-12-23,1450.3
2024-12-24,1449.3
2024-12-25,1451.4499999999998
2024-12-26,1453.6
2024-12-27,1462.9
2024-12-28,1468.5
2024-12-29,1471.3
2024-12-30,1474.1
2024-12-31,1470.0
2025-01-01,1470.0
2025-01-02,1470.0
2025-01-03,1468.3
2025-01-04,1467.55
2025-01-05,1467.175
2025-01-06,1466.8
2025-01-07,1470.8
2025-01-08,1455.4
2025-01-09,1453.2
2025-01-10,1458.2
2025-01-11,1459.45
2025-01-12,1460.075
2025-01-13,1460.7
2025-01-14,1471.3
2025-01-15,1463.3
2025-01-16,1460.2
2025-01-17,1454.7
2025-01-18,1455.25
2025-01-19,1455.525
2025-01-20,1455.8
2025-01-21,1453.0
2025-01-22,1437.9
2025-01-23,1434.3
2025-01-24,1437.1
2025-01-25,1435.1999999999998
2025-01-26,1434.25
2025-01-27,1433.775
2025-01-28,1433.5375
2025-01-29,1433.4187499999998
2025-01-30,1433.359375
2025-01-31,1433.3
2025-02-01,1443.15
2025-02-02,1448.075
2025-02-03,1453.0
2025-02-04,1469.2
2025-02-05,1460.8
2025-02-06,1450.0
2025-02-07,1447.1
2025-02-08,1447.25
2025-02-09,1447.325
2025-02-10,1447.4
2025-02-11,1453.4
2025-02-12,1453.5
2025-02-13,1452.6
2025-02-14,1450.5
2025-02-15,1446.9
2025-02-16,1445.1
2025-02-17,1443.3
2025-02-18,1441.1
2025-02-19,1443.9
2025-02-20,1440.6
2025-02-21,1439.4
2025-02-22,1436.75
2025-02-23,1435.425
2025-02-24,1434.1
2025-02-25,1429.2
2025-02-26,1430.7
2025-02-27,1431.8
2025-02-28,1439.6
2025-03-01,1449.15
2025-03-02,1453.9250000000002
2025-03-03,1456.3125
2025-03-04,1458.7
2025-03-05,1459.6
2025-03-06,1456.0
2025-03-07,1441.6
2025-03-08,1443.9499999999998
2025-03-09,1445.125
2025-03-10,1446.3
2025-03-11,1451.5
2025-03-12,1457.9
2025-03-13,1452.0
2025-03-14,1451.9
2025-03-15,1453.35
2025-03-16,1454.0749999999998
2025-03-17,1454.8
2025-03-18,1448.0
2025-03-19,1447.1
2025-03-20,1452.3
2025-03-21,1459.2
2025-03-22,1463.0500000000002
2025-03-23,1464.9750000000001
2025-03-24,1466.9
2025-03-25,1466.9
2025-03-26,1469.6
2025-03-27,1465.3
2025-03-28,1466.8
2025-03-29,1466.65
2025-03-30,1466.575
2025-03-31,1466.5
2025-04-01,1470.6
2025-04-02,1471.7
2025-04-03,1467.8
2025-04-04,1467.0
2025-04-05,1453.15
2025-04-06,1446.225
2025-04-07,1439.3
2025-04-08,1465.9
2025-04-09,1470.2
2025-04-10,1482.9
2025-04-11,1458.5
2025-04-12,1454.65
2025-04-13,1452.725
2025-04-14,1450.8
2025-04-15,1427.4
2025-04-16,1423.3
2025-04-17,1427.4
2025-04-18,1419.9
2025-04-19,1420.7
2025-04-20,1421.1
2025-04-21,1421.5
2025-04-22,1418.9
2025-04-23,1422.6
2025-04-24,1426.6
2025-04-25,1430.2
2025-04-26,1432.4
2025-04-27,1433.5
2025-04-28,1434.6
2025-04-29,1439.3
2025-04-30,1438.5
2025-05-01,1432.7
2025-05-02,1426.9
2025-05-03,1426.75
2025-05-04,1426.675
2025-05-05,1426.6374999999998
2025-05-06,1426.6187499999999
2025-05-07,1426.6
2025-05-08,1394.1
2025-05-09,1396.0
2025-05-10,1400.8
2025-05-11,1403.1999999999998
2025-05-12,1405.6
2025-05-13,1400.4
2025-05-14,1413.7
2025-05-15,1415.8
2025-05-16,1399.6
2025-05-17,1396.9499999999998
2025-05-18,1395.625
2025-05-19,1394.3
2025-05-20,1398.0
2025-05-21,1392.6
2025-05-22,1387.1
2025-05-23,1378.4
2025-05-24,1377.65
2025-05-25,1377.275
2025-05-26,1376.9
2025-05-27,1365.0
2025-05-28,1368.3
2025-05-29,1374.6
2025-05-30,1381.4
2025-05-31,1378.5500000000002
2025-06-01,1377.125
2025-06-02,1375.7
2025-06-03,1376.3000000000002
2025-06-04,1376.9
2025-06-05,1373.8
2025-06-06,1366.4
2025-06-07,1362.7
2025-06-08,1360.85
2025-06-09,1359.0
2025-06-10,1358.9
2025-06-11,1359.9
2025-06-12,1368.8
2025-06-13,1362.9
2025-06-14,1364.85
2025-06-15,1365.8249999999998
2025-06-16,1366.8
2025-06-17,1363.6
2025-06-18,1361.7
2025-06-19,1373.2
2025-06-20,1379.6
2025-06-21,1374.5
2025-06-22,1371.95
2025-06-23,1369.4
2025-06-24,1381.9
2025-06-25,1365.0
2025-06-26,1360.9
2025-06-27,1357.6
2025-06-28,1357.0
2025-06-29,1356.7
2025-06-30,1356.4
2025-07-01,1353.6
2025-07-02,1352.6
2025-07-03,1359.4
2025-07-04,1358.1
2025-07-05,1361.15
2025-07-06,1362.6750000000002
2025-07-07,1364.2
2025-07-08,1366.6
2025-07-09,1368.0
2025-07-10,1373.8
2025-07-11,1373.0
2025-07-12,1373.85
2025-07-13,1374.275
2025-07-14,1374.7
2025-07-15,1378.5
2025-07-16,1382.7
2025-07-17,1387.1
2025-07-18,1390.8
2025-07-19,1391.35
2025-07-20,1391.625
2025-07-21,1391.9
2025-07-22,1391.1
2025-07-23,1386.3
2025-07-24,1379.1
2025-07-25,1368.7
2025-07-26,1372.35
2025-07-27,1374.175
2025-07-28,1376.0
2025-07-29,1379.6
2025-07-30,1391.4
2025-07-31,1382.9
2025-08-01,1390.4
2025-08-02,1394.85
2025-08-03,1397.0749999999998
2025-08-04,1399.3
2025-08-05,1384.9
2025-08-06,1386.7
2025-08-07,1389.5
2025-08-08,1384.2
2025-08-09,1385.1
2025-08-10,1385.55
2025-08-11,1386.0
2025-08-12,1388.3
2025-08-13,1390.2
2025-08-14,1383.8
2025-08-15,1383.0
2025-08-16,1382.6
2025-08-17,1382.4
2025-08-18,1382.2
2025-08-19,1385.3
2025-08-20,1389.4
2025-08-21,1397.5
2025-08-22,1398.1
2025-08-23,1396.85
2025-08-24,1396.225
2025-08-25,1395.6
2025-08-26,1386.3
2025-08-27,1391.2
2025-08-28,1395.7
2025-08-29,1388.6
2025-08-30,1388.15
2025-08-31,1387.9250000000002
2025-09-01,1387.7
2025-09-02,1392.4
2025-09-03,1392.2
2025-09-04,1393.8
2025-09-05,1392.7
2025-09-06,1392.25
2025-09-07,1392.025
2025-09-08,1391.8
2025-09-09,1390.4
2025-09-10,1386.6
2025-09-11,1387.6
2025-09-12,1389.4
2025-09-13,1389.0500000000002
2025-09-14,1388.875
2025-09-15,1388.7
2025-09-16,1389.5
2025-09-17,1382.3
2025-09-18,1380.0
2025-09-19,1384.6
2025-09-20,1389.1
2025-09-21,1391.35
2025-09-22,1393.6
2025-09-23,1394.0
2025-09-24,1393.8
2025-09-25,1394.9
2025-09-26,1400.4
2025-09-27,1406.0
2025-09-28,1408.8
2025-09-29,1411.6
2025-09-30,1402.2
2025-10-01,1403.2
2025-10-02,1406.0
2025-10-03,1403.95
2025-10-04,1402.9250000000002
2025-10-05,1402.4125000000001
2025-10-06,1402.15625
2025-10-07,1402.028125
2025-10-08,1401.9640625000002
2025-10-09,1401.9320312500001
2025-10-10,1401.9
2025-10-11,1411.2
2025-10-12,1415.85
2025-10-13,1420.5
2025-10-14,1427.7
2025-10-15,1428.4
2025-10-16,1424.4
2025-10-17,1419.1
2025-10-18,1419.3
2025-10-19,1419.4
2025-10-20,1419.5
2025-10-21,1420.2
2025-10-22,1423.7
2025-10-23,1430.1
2025-10-24,1436.6
2025-10-25,1436.35
2025-10-26,1436.225
2025-10-27,1436.1
2025-10-28,1432.5
2025-10-29,1434.3
2025-10-30,1433.0
2025-10-31,1423.2
2025-11-01,1425.3000000000002
2025-11-02,1426.3500000000001
2025-11-03,1427.4
2025-11-04,1429.0
2025-11-05,1437.7
2025-11-06,1447.0
2025-11-07,1445.6
2025-11-08,1449.8
2025-11-09,1451.9
2025-11-10,1454.0
2025-11-11,1453.7
2025-11-12,1463.2
2025-11-13,1466.4
2025-11-14,1469.5
2025-11-15,1464.0
2025-11-16,1461.25
2025-11-17,1458.5
2025-11-18,1458.3
2025-11-19,1465.2
2025-11-20,1465.0
2025-11-21,1468.4
2025-11-22,1470.2
2025-11-23,1471.1
2025-11-24,1472.0
2025-11-25,1473.5
2025-11-26,1473.5
2025-11-27,1462.7
2025-11-28,1464.8
2025-11-29,1473.5
2025-11-30,1473.5
2025-12-01,1465.9
2025-12-02,1469.1
2025-12-03,1469.6
2025-12-04,1468.7
2025-12-05,1471.5
2025-12-06,1471.8
2025-12-07,1471.9499999999998
2025-12-08,1472.1
2025-12-09,1469.0
2025-12-10,1470.4
2025-12-11,1470.4
2025-12-12,1469.5
2025-12-13,1469.5
2025-12-14,1469.5
