date,symbol,avg_funding_rate,sum_open_interest,long_short_ratio,volatility_24h,top100_richest_pct,avg_transaction_value_btc,whale_conc_change_7d,funding_mean,funding_std,funding_rate_zscore,oi_growth_7d,long_position_pct,volatility_ratio,next_day_volatility,target_high_vol,pred_prob,pred_label
2024-10-01,BTCUSDT,0.0001,0.0,1.0,0.0,21.3,37.7797,0.015252621544328049,2.099533333333333e-05,4.229054667878782e-05,1.8681401133623556,0.0,0.5,1.0,0.0,0,1.0000000036274914e-15,0
2024-10-02,BTCUSDT,7.744e-05,0.0,1.0,0.0,21.37,38.7364,0.02199904351984694,2.3965666666666667e-05,4.303988118627494e-05,1.2424368250901645,0.0,0.5,1.0,0.0,0,1.0000000036274914e-15,0
2024-10-03,BTCUSDT,4.3723333333333335e-05,0.0,1.0,0.0,21.29,37.4052,0.012844909609895261,2.364911111111111e-05,4.285181079104415e-05,0.46845680151322,0.0,0.5,1.0,0.0,0,1.0000000036274914e-15,0
2024-10-04,BTCUSDT,3.1530000000000005e-05,0.0,1.0,0.0,21.11,37.9132,0.009564801530368205,2.4501333333333332e-05,4.2742043480856975e-05,0.16444386122564836,0.0,0.5,1.0,0.0,0,1.0000000036274914e-15,0
2024-10-05,BTCUSDT,1.1766666666666667e-06,0.0,1.0,0.0,20.99,35.7603,-0.0019020446980505534,2.303711111111111e-05,4.2764336340352975e-05,-0.5111839985183319,0.0,0.5,1.0,0.0,0,1.0000000036274914e-15,0
2024-10-06,BTCUSDT,2.68e-05,0.0,1.0,0.0,21.03,38.2533,-0.010818438381937967,2.3518555555555553e-05,4.272122915421473e-05,0.07681062809778057,0.0,0.5,1.0,0.0,0,1.0000000036274914e-15,0
2024-10-07,BTCUSDT,1.9326666666666666e-05,0.0,1.0,0.0,21.03,39.0918,-0.011748120300751896,2.5876888888888887e-05,4.0327295595710176e-05,-0.16242651845265327,0.0,0.5,1.0,0.0,0,1.0000000036274914e-15,0
2024-10-08,BTCUSDT,4.505333333333333e-05,0.0,1.0,0.0,21.04,38.9929,-0.012206572769953072,2.8211888888888888e-05,3.9294854865673706e-05,0.42859159302192523,0.0,0.5,1.0,0.0,0,1.0000000036274914e-15,0
2024-10-09,BTCUSDT,7.692333333333333e-05,0.0,1.0,0.0,21.13,38.7026,-0.011230697239120402,3.283911111111111e-05,3.638396820685699e-05,1.2116386528150611,0.0,0.5,1.0,0.0,0,1.0000000036274914e-15,0
2024-10-10,BTCUSDT,4.540666666666667e-05,0.0,1.0,0.0,21.16,39.0243,-0.006106153123532132,3.5473111111111106e-05,3.420217704900339e-05,0.29043635267203005,0.0,0.5,1.0,0.0,0,1.0000000036274914e-15,0
2024-10-11,BTCUSDT,1.5900000000000007e-06,0.0,1.0,0.0,21.09,40.0163,-0.000947418285172863,3.7349666666666666e-05,3.041886189338484e-05,-1.1755754305338846,0.0,0.5,1.0,0.0,0,1.0000000036274914e-15,0
2024-10-12,BTCUSDT,3.5776666666666666e-05,0.0,1.0,0.0,21.08,39.2606,0.004287756074321081,3.9147444444444446e-05,2.8562375027126607e-05,-0.11801461799225185,0.0,0.5,1.0,0.0,0,1.0000000036274914e-15,0
2024-10-13,BTCUSDT,2.0896666666666666e-05,0.0,1.0,0.0,21.13,38.3621,0.004755111745125884,4.0219666666666664e-05,2.7174500673575764e-05,-0.7110710232401622,0.0,0.5,1.0,0.0,0,1.0000000036274914e-15,0
2024-10-14,BTCUSDT,8.476333333333334e-05,0.0,1.0,0.0,21.13,38.353,0.004755111745125884,4.3657777777777776e-05,2.6004475864864468e-05,1.5807107887567415,0.0,0.5,1.0,0.0,0,1.0000000036274914e-15,0
2024-10-15,BTCUSDT,0.0001,0.0,1.0,0.0,21.24,38.8277,0.009505703422053147,4.7000888888888884e-05,2.659932865706049e-05,1.9924980737077027,0.0,0.5,1.0,0.0,0,1.0000000036274914e-15,0
2024-10-16,BTCUSDT,8.941666666666667e-05,0.0,1.0,0.0,21.24,39.6455,0.005205868433506788,4.8567222222222216e-05,2.7682172127628242e-05,1.475658927923311,0.0,0.5,1.0,0.0,0,1.0000000036274914e-15,0
2024-10-17,BTCUSDT,0.0001,0.0,1.0,0.0,21.38,40.2033,0.010396975425330801,5.014866666666667e-05,2.9229863640274707e-05,1.7054931882968176,0.0,0.5,1.0,0.0,0,1.0000000036274914e-15,0
2024-10-18,BTCUSDT,0.0001,0.0,1.0,0.0,21.38,38.8914,0.013750592697961084,5.262977777777778e-05,3.0213816356088225e-05,1.5678331285242257,0.0,0.5,1.0,0.0,0,1.0000000036274914e-15,0
2024-10-19,BTCUSDT,0.0001,0.0,1.0,0.0,21.27,38.5862,0.009013282732447836,5.479277777777778e-05,3.122223154408615e-05,1.4479177171685857,0.0,0.5,1.0,0.0,0,1.0000000036274914e-15,0
2024-10-20,BTCUSDT,0.0001,0.0,1.0,0.0,21.21,38.3992,0.003786086133459543,5.6670000000000005e-05,3.220867243579848e-05,1.345289846589289,0.0,0.5,1.0,0.0,0,1.0000000036274914e-15,0
2024-10-21,BTCUSDT,0.0001,0.0,1.0,0.0,21.22,38.9289,0.004259346900141958,5.746199999999999e-05,3.298915438402622e-05,1.2894540886018426,0.0,0.5,1.0,0.0,0,1.0000000036274914e-15,0
2024-10-22,BTCUSDT,0.0001,0.0,1.0,0.0,21.21,39.4154,-0.0014124293785309217,5.845355555555555e-05,3.3823381356476364e-05,1.228335038610482,0.0,0.5,1.0,0.0,0,1.0000000036274914e-15,0
2024-10-23,BTCUSDT,0.0001,0.0,1.0,0.0,21.22,37.44,-0.0009416195856873921,6.031866666666667e-05,3.453673810047247e-05,1.1489600789134886,0.0,0.5,1.0,0.0,0,1.0000000036274914e-15,0
2024-10-24,BTCUSDT,0.0001,0.0,1.0,0.0,21.12,37.2959,-0.012160898035547096,6.309233333333333e-05,3.426059799284776e-05,1.0772627691545698,0.0,0.5,1.0,0.0,0,1.0000000036274914e-15,0
2024-10-25,BTCUSDT,0.0001,0.0,1.0,0.0,21.0,37.8958,-0.017773620205799756,6.601455555555556e-05,3.351242022269608e-05,1.014114892884639,0.0,0.5,1.0,0.0,0,1.0000000036274914e-15,0
2024-10-26,BTCUSDT,7.441333333333333e-05,0.0,1.0,0.0,21.15,39.1146,-0.005641748942172176,6.650655555555556e-05,3.352415463013688e-05,0.23585315916273378,0.0,0.5,1.0,0.0,0,1.0000000036274914e-15,0
2024-10-27,BTCUSDT,9.908e-05,0.0,1.0,0.0,21.13,40.6053,-0.003771805752003865,6.769844444444445e-05,3.403875973866489e-05,0.9219359282326902,0.0,0.5,1.0,0.0,0,1.0000000036274914e-15,0
2024-10-28,BTCUSDT,9.457e-05,0.0,1.0,0.0,21.15,40.2682,-0.0032987747408105283,6.916533333333334e-05,3.4222594546165005e-05,0.7423360795277141,0.0,0.5,1.0,0.0,0,1.0000000036274914e-15,0
2024-10-29,BTCUSDT,0.0001,0.0,1.0,0.0,21.09,39.9657,-0.005657708628005742,7.126466666666667e-05,3.4114225744707425e-05,0.8423269971997361,0.0,0.5,1.0,0.0,0,1.0000000036274914e-15,0
2024-10-30,BTCUSDT,0.0001,0.0,1.0,0.0,21.05,40.1362,-0.008011310084825585,7.22628888888889e-05,3.451336081710071e-05,0.8036630004855366,0.0,0.5,1.0,0.0,0,1.0000000036274914e-15,0
2024-10-31,BTCUSDT,0.0001,0.0,1.0,0.0,21.06,40.1392,-0.0028409090909091717,7.22628888888889e-05,3.451336081710071e-05,0.8036630004855366,0.0,0.5,1.0,0.0,0,1.0000000036274914e-15,0
2024-11-01,BTCUSDT,0.0001,0.0,1.0,0.0,21.11,41.3299,0.005238095238095264,7.301488888888889e-05,3.4873945370376155e-05,0.7737900264658254,0.0,0.5,1.0,0.0,0,1.0000000036274914e-15,0
2024-11-02,BTCUSDT,0.0001,0.0,1.0,0.0,21.2,39.845,0.0023640661938535423,7.489077777777778e-05,3.4757386774460874e-05,0.7224139831096866,0.0,0.5,1.0,0.0,0,1.0000000036274914e-15,0
2024-11-03,BTCUSDT,0.0001,0.0,1.0,0.0,20.95,40.7793,-0.008518693800283916,7.71731111111111e-05,3.4052822433062244e-05,0.6703376477459335,0.0,0.5,1.0,0.0,0,1.0000000036274914e-15,0
2024-11-04,BTCUSDT,0.0001,0.0,1.0,0.0,20.81,40.5545,-0.016075650118203333,8.046722222222223e-05,3.109957256710937e-05,0.628072226254179,0.0,0.5,1.0,0.0,0,1.0000000036274914e-15,0
2024-11-05,BTCUSDT,0.0001,0.0,1.0,0.0,20.69,38.7525,-0.018966334755808334,8.290722222222223e-05,2.9578107974110966e-05,0.5778861106578788,0.0,0.5,1.0,0.0,0,1.0000000036274914e-15,0
2024-11-06,BTCUSDT,0.0001,0.0,1.0,0.0,20.75,39.5117,-0.014251781472684133,8.559633333333332e-05,2.716730166876402e-05,0.5301839263347784,0.0,0.5,1.0,0.0,0,1.0000000036274914e-15,0
2024-11-07,BTCUSDT,0.0001,0.0,1.0,0.0,20.69,36.9206,-0.017568850902184074,8.742788888888889e-05,2.617375561758255e-05,0.48033271551850365,0.0,0.5,1.0,0.0,0,1.0000000036274914e-15,0
2024-11-08,BTCUSDT,0.0001,0.0,1.0,0.0,20.63,37.3124,-0.02273803884414971,8.819711111111111e-05,2.6193484459844045e-05,0.4506040006622001,0.0,0.5,1.0,0.0,0,1.0000000036274914e-15,0
2024-11-09,BTCUSDT,0.0001,0.0,1.0,0.0,20.49,37.4958,-0.033490566037735925,9.00168888888889e-05,2.498675409909475e-05,0.3995361330855209,0.0,0.5,1.0,0.0,0,1.0000000036274914e-15,0
2024-11-10,BTCUSDT,0.00016571999999999998,0.0,1.0,0.0,20.49,38.0751,-0.021957040572792352,9.548788888888889e-05,2.2833346496904695e-05,3.0758571075261267,0.0,0.5,1.0,0.0,0,1.0000000036274914e-15,0
2024-11-11,BTCUSDT,0.00018959333333333332,0.0,1.0,0.0,20.5,37.102,-0.014896684286400674,0.00010061511111111111,2.601143119961508e-05,3.4207353505230778,0.0,0.5,1.0,0.0,0,1.0000000036274914e-15,0
2024-11-12,BTCUSDT,0.00043874666666666664,0.0,1.0,0.0,20.62,36.9435,-0.003383276945384206,0.00011454344444444444,6.48018748220061e-05,5.002991396664435,0.0,0.5,1.0,0.0,0,1.0000000036274914e-15,0
2024-11-13,BTCUSDT,0.0001498566666666667,0.0,1.0,0.0,20.61,36.0102,-0.006746987951807282,0.00011671322222222222,6.486009798570418e-05,0.510998988187616,0.0,0.5,1.0,0.0,0,1.0000000036274914e-15,0
2024-11-14,BTCUSDT,0.0001,0.0,1.0,0.0,20.57,35.1254,-0.005799903334944512,0.00011671322222222222,6.486009798570418e-05,-0.25768111275295913,0.0,0.5,1.0,0.0,0,1.0000000036274914e-15,0
2024-11-15,BTCUSDT,0.00010325666666666667,0.0,1.0,0.0,20.55,36.8371,-0.0038778477944739764,0.00011717455555555557,6.470829214560503e-05,-0.21508663615431542,0.0,0.5,1.0,0.0,0,1.0000000036274914e-15,0
2024-11-16,BTCUSDT,0.00011077000000000001,0.0,1.0,0.0,20.42,35.2236,-0.003416300634455638,0.00011753355555555555,6.463956182714706e-05,-0.104634922706345,0.0,0.5,1.0,0.0,0,1.0000000036274914e-15,0
2024-11-17,BTCUSDT,0.00012114,0.0,1.0,0.0,20.56,35.0143,0.00341630063445586,0.00011823822222222223,6.455700497815577e-05,0.04494907684703836,0.0,0.5,1.0,0.0,0,1.0000000036274914e-15,0
2024-11-18,BTCUSDT,0.0002258933333333333,0.0,1.0,0.0,20.5,36.0542,0.0,0.00012243466666666668,6.736142497878413e-05,1.5358740807405948,0.0,0.5,1.0,0.0,0,1.0000000036274914e-15,0
2024-11-19,BTCUSDT,0.00023260333333333333,0.0,1.0,0.0,20.44,37.8802,-0.008729388942773975,0.00012685477777777779,7.013213761318041e-05,1.5078473172858415,0.0,0.5,1.0,0.0,0,1.0000000036274914e-15,0
2024-11-20,BTCUSDT,0.0001,0.0,1.0,0.0,20.5,37.3923,-0.005337214944201807,0.00012685477777777779,7.013213761318041e-05,-0.38291685797312386,0.0,0.5,1.0,0.0,0,1.0000000036274914e-15,0
2024-11-21,BTCUSDT,0.0001,0.0,1.0,0.0,20.72,36.7865,0.007292173067574126,0.00012685477777777779,7.013213761318041e-05,-0.38291685797312386,0.0,0.5,1.0,0.0,0,1.0000000036274914e-15,0
2024-11-22,BTCUSDT,0.0001,0.0,1.0,0.0,20.79,37.0858,0.011678832116788218,0.00012685477777777779,7.013213761318041e-05,-0.38291685797312386,0.0,0.5,1.0,0.0,0,1.0000000036274914e-15,0
2024-11-23,BTCUSDT,0.0001,0.0,1.0,0.0,20.92,38.6473,0.02448579823702257,0.00012685477777777779,7.013213761318041e-05,-0.38291685797312386,0.0,0.5,1.0,0.0,0,1.0000000036274914e-15,0
2024-11-24,BTCUSDT,0.00016458666666666665,0.0,1.0,0.0,20.93,37.8939,0.0179961089494165,0.00012900766666666666,7.02705249172478e-05,0.5063147036669876,0.0,0.5,1.0,0.0,0,1.0000000036274914e-15,0
2024-11-25,BTCUSDT,0.00018756,0.0,1.0,0.0,20.97,37.2162,0.022926829268292703,0.00013277922222222223,7.027570067601191e-05,0.7795123670175911,0.0,0.5,1.0,0.0,0,1.0000000036274914e-15,0
2024-11-26,BTCUSDT,0.00023145666666666664,0.0,1.0,0.0,21.17,37.3527,0.03571428571428581,0.00013719177777777775,7.221591908928773e-05,1.3053200745439495,0.0,0.5,1.0,0.0,0,1.0000000036274914e-15,0
2024-11-27,BTCUSDT,0.00019333333333333333,0.0,1.0,0.0,21.14,37.5374,0.03121951219512198,0.0001404838888888889,7.245668113208635e-05,0.7293936683092272,0.0,0.5,1.0,0.0,0,1.0000000036274914e-15,0
2024-11-28,BTCUSDT,0.00012061666666666668,0.0,1.0,0.0,21.0,36.5658,0.013513513513513598,0.0001411711111111111,7.215661644511268e-05,-0.28485876219098444,0.0,0.5,1.0,0.0,0,1.0000000036274914e-15,0
2024-11-29,BTCUSDT,0.00018095666666666666,0.0,1.0,0.0,21.12,35.9089,0.01587301587301604,0.00014386966666666667,7.207756970566006e-05,0.5145428758412709,0.0,0.5,1.0,0.0,0,1.0000000036274914e-15,0
2024-11-30,BTCUSDT,0.00012657333333333334,0.0,1.0,0.0,21.02,36.4456,0.004780114722753304,0.00014475544444444448,7.168205253438785e-05,-0.2536494208559204,0.0,0.5,1.0,0.0,0,1.0000000036274914e-15,0
2024-12-01,BTCUSDT,0.00015160666666666668,0.0,1.0,0.0,21.14,37.1645,0.010033444816053505,0.0001464756666666667,7.118850583181953e-05,0.07207624236589268,0.0,0.5,1.0,0.0,0,1.0000000036274914e-15,0
2024-12-02,BTCUSDT,0.00021223,0.0,1.0,0.0,21.24,36.4077,0.012875536480686733,0.00015021666666666667,7.160959525487493e-05,0.865991954187336,0.0,0.5,1.0,0.0,0,1.0000000036274914e-15,0
2024-12-03,BTCUSDT,0.00016552333333333334,0.0,1.0,0.0,21.09,37.9091,-0.0037789324515825617,0.00015240077777777777,7.102198786228498e-05,0.184767505818069,0.0,0.5,1.0,0.0,0,1.0000000036274914e-15,0
2024-12-04,BTCUSDT,0.00025373999999999997,0.0,1.0,0.0,21.06,37.6582,-0.0037842951750237663,0.00015752544444444443,7.263880653569217e-05,1.324561348736905,0.0,0.5,1.0,0.0,0,1.0000000036274914e-15,0
2024-12-05,BTCUSDT,0.0004904333333333333,0.0,1.0,0.0,21.19,38.2145,0.009047619047619193,0.0001705398888888889,9.385474893519422e-05,3.4083884733986958,0.0,0.5,1.0,0.0,0,1.0000000036274914e-15,0
2024-12-06,BTCUSDT,0.00011544666666666666,0.0,1.0,0.0,21.24,40.3795,0.005681818181818121,0.00017105477777777778,9.349610667282193e-05,-0.594763922156725,0.0,0.5,1.0,0.0,0,1.0000000036274914e-15,0
2024-12-07,BTCUSDT,0.00019478666666666668,0.0,1.0,0.0,21.18,41.3073,0.007611798287345373,0.00017421433333333336,9.260950168951368e-05,0.22214063306705778,0.0,0.5,1.0,0.0,0,1.0000000036274914e-15,0
2024-12-08,BTCUSDT,0.00017045666666666665,0.0,1.0,0.0,21.18,41.5759,0.0018921475875117721,0.0001765628888888889,9.154986500356567e-05,-0.06669832033050441,0.0,0.5,1.0,0.0,0,1.0000000036274914e-15,0
2024-12-09,BTCUSDT,0.00020853333333333335,0.0,1.0,0.0,21.33,42.0837,0.004237288135593209,0.00018018066666666664,9.055909474013762e-05,0.31308469621991747,0.0,0.5,1.0,0.0,0,1.0000000036274914e-15,0
2024-12-10,BTCUSDT,0.0001,0.0,1.0,0.0,21.39,43.1562,0.014224751066856278,0.00017799,9.170857091103332e-05,-0.8504112453748545,0.0,0.5,1.0,0.0,0,1.0000000036274914e-15,0
2024-12-11,BTCUSDT,0.0001,0.0,1.0,0.0,21.35,42.317,0.013770180436847301,0.00017500355555555554,9.277031975961583e-05,-0.8084865477439649,0.0,0.5,1.0,0.0,0,1.0000000036274914e-15,0
2024-12-12,BTCUSDT,0.0001,0.0,1.0,0.0,21.25,40.3507,0.002831524303916977,0.000163712,7.918197341484798e-05,-0.8046275844402344,0.0,0.5,1.0,0.0,0,1.0000000036274914e-15,0
2024-12-13,BTCUSDT,0.0001,0.0,1.0,0.0,21.45,39.2475,0.009887005649717562,0.0001620501111111111,8.00017575117449e-05,-0.7756093496071214,0.0,0.5,1.0,0.0,0,1.0000000036274914e-15,0
2024-12-14,BTCUSDT,8.916666666666666e-05,0.0,1.0,0.0,21.43,38.9706,0.011803588290840494,0.00016168900000000002,8.031533178927554e-05,-0.9029699774335891,0.0,0.5,1.0,0.0,0,1.0000000036274914e-15,0
2024-12-15,BTCUSDT,9.398e-05,0.0,1.0,0.0,21.46,39.7864,0.013220018885741425,0.00016137977777777777,8.056552818988977e-05,-0.8365833290252768,0.0,0.5,1.0,0.0,0,1.0000000036274914e-15,0
2024-12-16,BTCUSDT,9.727e-05,0.0,1.0,0.0,21.55,39.2033,0.01031411157993456,0.00016092977777777776,8.089498612888061e-05,-0.7869434290569753,0.0,0.5,1.0,0.0,0,1.0000000036274914e-15,0
2024-12-17,BTCUSDT,9.288666666666667e-05,0.0,1.0,0.0,21.53,39.4859,0.006545114539504571,0.000159988,8.153611318274959e-05,-0.822964582367777,0.0,0.5,1.0,0.0,0,1.0000000036274914e-15,0
2024-12-18,BTCUSDT,9.719666666666666e-05,0.0,1.0,0.0,21.51,41.0932,0.007494145199063329,0.00015569811111111113,8.133437560893917e-05,-0.7192708372868456,0.0,0.5,1.0,0.0,0,1.0000000036274914e-15,0
2024-12-19,BTCUSDT,0.0001,0.0,1.0,0.0,21.55,41.8281,0.014117647058823568,0.000151278,8.061078988367782e-05,-0.6361183170887503,0.0,0.5,1.0,0.0,0,1.0000000036274914e-15,0
2024-12-20,BTCUSDT,0.0001,0.0,1.0,0.0,21.62,43.0016,0.007925407925408079,0.000151278,8.061078988367782e-05,-0.6361183170887503,0.0,0.5,1.0,0.0,0,1.0000000036274914e-15,0
2024-12-21,BTCUSDT,7.068666666666668e-05,0.0,1.0,0.0,21.64,41.7048,0.009799346710219314,0.0001503008888888889,8.142730442361455e-05,-0.9777337317718389,0.0,0.5,1.0,0.0,0,1.0000000036274914e-15,0
2024-12-22,BTCUSDT,9.876333333333334e-05,0.0,1.0,0.0,21.68,41.0534,0.010251630941286116,0.00015025966666666664,8.145395578901076e-05,-0.6322140261269037,0.0,0.5,1.0,0.0,0,1.0000000036274914e-15,0
2024-12-23,BTCUSDT,9.660333333333333e-05,0.0,1.0,0.0,21.63,41.6398,0.003712296983758634,0.00015014644444444447,8.152855305454195e-05,-0.6567406032005895,0.0,0.5,1.0,0.0,0,1.0000000036274914e-15,0
2024-12-24,BTCUSDT,0.0001,0.0,1.0,0.0,21.75,41.661,0.01021830004644686,0.00014799355555555557,8.198556262462358e-05,-0.5853903299450086,0.0,0.5,1.0,0.0,0,1.0000000036274914e-15,0
2024-12-25,BTCUSDT,0.0001,0.0,1.0,0.0,21.78,43.3632,0.012552301255230214,0.00014507488888888887,8.208693064167458e-05,-0.5491116373402914,0.0,0.5,1.0,0.0,0,1.0000000036274914e-15,0
2024-12-26,BTCUSDT,8.621666666666667e-05,0.0,1.0,0.0,21.81,45.9649,0.012064965197215782,0.00014023355555555558,8.10935995647642e-05,-0.6661054531899169,0.0,0.5,1.0,0.0,0,1.0000000036274914e-15,0
2024-12-27,BTCUSDT,0.0001,0.0,1.0,0.0,21.86,44.2042,0.011100832562442209,0.00013712244444444443,8.077592826881244e-05,-0.4595731084749092,0.0,0.5,1.0,0.0,0,1.0000000036274914e-15,0
2024-12-28,BTCUSDT,7.604e-05,0.0,1.0,0.0,21.94,44.5853,0.013863216266173817,0.00013563655555555557,8.149680666232122e-05,-0.7312747332848455,0.0,0.5,1.0,0.0,0,1.0000000036274914e-15,0
2024-12-29,BTCUSDT,9.337666666666668e-05,0.0,1.0,0.0,22.07,45.2585,0.01798892988929901,0.0001327172222222222,8.138594005341455e-05,-0.483382701357702,0.0,0.5,1.0,0.0,0,1.0000000036274914e-15,0
2024-12-30,BTCUSDT,6.249666666666667e-05,0.0,1.0,0.0,22.05,44.0342,0.01941747572815533,0.00013058133333333335,8.238739113532024e-05,-0.8263966819247678,0.0,0.5,1.0,0.0,0,1.0000000036274914e-15,0
2024-12-31,BTCUSDT,0.0001,0.0,1.0,0.0,22.03,43.1837,0.012873563218390949,0.00012886111111111111,8.247197281423694e-05,-0.34995053623997807,0.0,0.5,1.0,0.0,0,1.0000000036274914e-15,0
2025-01-01,BTCUSDT,0.0001,0.0,1.0,0.0,21.97,43.7723,0.008723599632690426,0.0001251201111111111,8.109379464467202e-05,-0.3097661321828591,0.0,0.5,1.0,0.0,0,1.0000000036274914e-15,0
2025-01-02,BTCUSDT,0.0001,0.0,1.0,0.0,22.14,44.1669,0.015130674002751032,0.000122936,8.085009366898392e-05,-0.2836855093069461,0.0,0.5,1.0,0.0,0,1.0000000036274914e-15,0
2025-01-03,BTCUSDT,8.414e-05,0.0,1.0,0.0,22.02,44.6115,0.007319304666056681,0.00011728266666666667,7.723721400913338e-05,-0.42910230634092417,0.0,0.5,1.0,0.0,0,1.0000000036274914e-15,0
2025-01-04,BTCUSDT,6.165666666666668e-05,0.0,1.0,0.0,22.14,44.0018,0.009115770282588809,0.0001029901111111111,3.25505162424501e-05,-1.2698245439972546,0.0,0.5,1.0,0.0,0,1.0000000036274914e-15,0
2025-01-05,BTCUSDT,9.44e-05,0.0,1.0,0.0,22.13,44.0164,0.00271862256456723,0.00010228855555555556,3.249955222424525e-05,-0.24272813056392056,0.0,0.5,1.0,0.0,0,1.0000000036274914e-15,0
2025-01-06,BTCUSDT,0.0001,0.0,1.0,0.0,22.05,44.6647,0.0,9.9129e-05,2.740517138252724e-05,0.0317823226807231,0.0,0.5,1.0,0.0,0,1.0000000036274914e-15,0
2025-01-07,BTCUSDT,9.060666666666667e-05,0.0,1.0,0.0,22.04,45.0843,0.00045392646391273495,9.646733333333334e-05,2.3891074070242783e-05,-0.24530779359000635,0.0,0.5,1.0,0.0,0,1.0000000036274914e-15,0
2025-01-08,BTCUSDT,0.0001,0.0,1.0,0.0,21.95,44.6468,-0.000910332271279013,9.284955555555557e-05,1.116299472079937e-05,0.6405489407892866,0.0,0.5,1.0,0.0,0,1.0000000036274914e-15,0
2025-01-09,BTCUSDT,6.43e-05,0.0,1.0,0.0,22.02,44.274,-0.005420054200542035,9.165955555555556e-05,1.2226633378828055e-05,-2.2377014757743576,0.0,0.5,1.0,0.0,0,1.0000000036274914e-15,0
2025-01-10,BTCUSDT,3.661333333333333e-05,0.0,1.0,0.0,22.19,43.8743,0.007720254314259822,8.954666666666668e-05,1.5714940105793446e-05,-3.3683445801883156,0.0,0.5,1.0,0.0,0,1.0000000036274914e-15,0
2025-01-11,BTCUSDT,4.1143333333333336e-05,0.0,1.0,0.0,22.21,44.8069,0.003161698283649539,8.758477777777779e-05,1.7888506416865777e-05,-2.5961610970862377,0.0,0.5,1.0,0.0,0,1.0000000036274914e-15,0
2025-01-12,BTCUSDT,4.955333333333333e-05,0.0,1.0,0.0,22.07,43.0461,-0.002711251694532235,8.590322222222221e-05,1.901667629691906e-05,-1.911474346060043,0.0,0.5,1.0,0.0,0,1.0000000036274914e-15,0
2025-01-13,BTCUSDT,4.3786666666666665e-05,0.0,1.0,0.0,21.92,44.3087,-0.005895691609977272,8.439055555555555e-05,2.049549547899966e-05,-1.9811128221073224,0.0,0.5,1.0,0.0,0,1.0000000036274914e-15,0
2025-01-14,BTCUSDT,9.832000000000001e-05,0.0,1.0,0.0,21.87,46.8669,-0.007713248638838377,8.453522222222221e-05,2.0580656165108064e-05,0.6697929194866086,0.0,0.5,1.0,0.0,0,1.0000000036274914e-15,0
2025-01-15,BTCUSDT,6.542666666666667e-05,0.0,1.0,0.0,21.81,47.0514,-0.006378132118451063,8.347377777777778e-05,2.0721886845352933e-05,-0.8709202615474336,0.0,0.5,1.0,0.0,0,1.0000000036274914e-15,0
2025-01-16,BTCUSDT,4.298e-05,0.0,1.0,0.0,21.96,49.0575,-0.0027247956403269047,8.181022222222222e-05,2.1909392008597586e-05,-1.772309437294501,0.0,0.5,1.0,0.0,0,1.0000000036274914e-15,0
2025-01-17,BTCUSDT,5.8049999999999995e-05,0.0,1.0,0.0,22.17,50.2659,-0.0009013068949976777,8.050533333333334e-05,2.2126085186278104e-05,-1.0148805423229332,0.0,0.5,1.0,0.0,0,1.0000000036274914e-15,0
2025-01-18,BTCUSDT,8.902333333333334e-05,0.0,1.0,0.0,22.27,50.8584,0.0027014858171994227,8.013944444444445e-05,2.188200629050066e-05,0.4059906011792681,0.0,0.5,1.0,0.0,0,1.0000000036274914e-15,0
2025-01-19,BTCUSDT,0.0001,0.0,1.0,0.0,22.35,50.3072,0.012686905301314111,8.013944444444445e-05,2.188200629050066e-05,0.9076204115788665,0.0,0.5,1.0,0.0,0,1.0000000036274914e-15,0
2025-01-20,BTCUSDT,0.0001,0.0,1.0,0.0,22.27,50.3039,0.015967153284671465,8.111655555555557e-05,2.209875020275048e-05,0.8545028235168768,0.0,0.5,1.0,0.0,0,1.0000000036274914e-15,0
2025-01-21,BTCUSDT,0.0001,0.0,1.0,0.0,22.25,49.8506,0.017375400091449444,8.115777777777778e-05,2.213392838372751e-05,0.8512823343223026,0.0,0.5,1.0,0.0,0,1.0000000036274914e-15,0
2025-01-22,BTCUSDT,0.0001,0.0,1.0,0.0,22.32,50.806,0.023383768913342484,8.1271e-05,2.2224165442526648e-05,0.8427313074335501,0.0,0.5,1.0,0.0,0,1.0000000036274914e-15,0
2025-01-23,BTCUSDT,9.09e-05,0.0,1.0,0.0,22.33,52.2835,0.016848816029143787,8.096766666666667e-05,2.2020894643069417e-05,0.4510413175451667,0.0,0.5,1.0,0.0,0,1.0000000036274914e-15,0
2025-01-24,BTCUSDT,5.8036666666666666e-05,0.0,1.0,0.0,22.21,52.0898,0.0018042399639150997,7.956888888888888e-05,2.21028769357688e-05,-0.9741818807024573,0.0,0.5,1.0,0.0,0,1.0000000036274914e-15,0
2025-01-25,BTCUSDT,7.326333333333333e-05,0.0,1.0,0.0,22.14,50.2233,-0.005837449483610202,7.913711111111111e-05,2.2095054850299427e-05,-0.26584128519138694,0.0,0.5,1.0,0.0,0,1.0000000036274914e-15,0
2025-01-26,BTCUSDT,8.935333333333333e-05,0.0,1.0,0.0,22.13,50.1015,-0.009843400447427375,7.878222222222222e-05,2.183234289818541e-05,0.4841949927412382,0.0,0.5,1.0,0.0,0,1.0000000036274914e-15,0
2025-01-27,BTCUSDT,4.298e-05,0.0,1.0,0.0,22.29,50.7323,0.0008980691513247319,7.768022222222223e-05,2.27889355409728e-05,-1.5226785015839739,0.0,0.5,1.0,0.0,0,1.0000000036274914e-15,0
2025-01-28,BTCUSDT,7.854e-05,0.0,1.0,0.0,22.18,52.5864,-0.0031460674157303137,7.718566666666667e-05,2.259673092265208e-05,0.05993492324040927,0.0,0.5,1.0,0.0,0,1.0000000036274914e-15,0
2025-01-29,BTCUSDT,9.983000000000001e-05,0.0,1.0,0.0,22.31,53.1685,-0.00044802867383519906,7.843011111111112e-05,2.278709182030502e-05,0.9391233009303966,0.0,0.5,1.0,0.0,0,1.0000000036274914e-15,0
2025-01-30,BTCUSDT,9.029666666666666e-05,0.0,1.0,0.0,22.28,52.2091,-0.0022391401701745695,7.810666666666667e-05,2.2537869739922838e-05,0.5408674440249793,0.0,0.5,1.0,0.0,0,1.0000000036274914e-15,0
2025-01-31,BTCUSDT,7.075e-05,0.0,1.0,0.0,22.25,53.2978,0.0018009905447995411,7.713166666666669e-05,2.2188064009342834e-05,-0.2876171018787186,0.0,0.5,1.0,0.0,0,1.0000000036274914e-15,0
2025-02-01,BTCUSDT,6.478333333333334e-05,0.0,1.0,0.0,22.43,54.8411,0.013098464317976566,7.595777777777778e-05,2.1865715222033615e-05,-0.5110486590982483,0.0,0.5,1.0,0.0,0,1.0000000036274914e-15,0
2025-02-02,BTCUSDT,2.7809999999999996e-05,0.0,1.0,0.0,22.39,53.7215,0.011748757342973315,7.408011111111112e-05,2.3496636842302376e-05,-1.9692227199004213,0.0,0.5,1.0,0.0,0,1.0000000036274914e-15,0
2025-02-03,BTCUSDT,8.281666666666667e-05,0.0,1.0,0.0,22.4,51.953,0.004934948407357531,7.478544444444446e-05,2.3428340428553755e-05,0.3427994503799338,0.0,0.5,1.0,0.0,0,1.0000000036274914e-15,0
2025-02-04,BTCUSDT,4.516666666666666e-05,0.0,1.0,0.0,22.43,51.8054,0.011271415689810604,7.314433333333334e-05,2.3729416313561335e-05,-1.179028860085255,0.0,0.5,1.0,0.0,0,1.0000000036274914e-15,0
2025-02-05,BTCUSDT,1.9743333333333335e-05,0.0,1.0,0.0,22.39,50.2107,0.0035858359480054336,7.046911111111112e-05,2.508276390590911e-05,-2.022336053875928,0.0,0.5,1.0,0.0,0,1.0000000036274914e-15,0
2025-02-06,BTCUSDT,2.6170000000000002e-05,0.0,1.0,0.0,22.44,49.678,0.007181328545780907,6.832122222222223e-05,2.6039554534790038e-05,-1.6187382224955602,0.0,0.5,1.0,0.0,0,1.0000000036274914e-15,0
2025-02-07,BTCUSDT,6.713e-05,0.0,1.0,0.0,22.32,46.8058,0.0031460674157304247,6.722555555555556e-05,2.5342857999767072e-05,-0.003770512211228723,0.0,0.5,1.0,0.0,0,1.0000000036274914e-15,0
2025-02-08,BTCUSDT,-8.796666666666667e-06,0.0,1.0,0.0,22.32,48.578,-0.00490414623272406,6.4789e-05,2.8898316621615726e-05,-2.5463651613404066,0.0,0.5,1.0,0.0,0,1.0000000036274914e-15,0
2025-02-09,BTCUSDT,5.437333333333333e-05,0.0,1.0,0.0,22.48,48.1209,0.004019651630192023,6.5381e-05,2.8480103401674096e-05,-0.3865037465425645,0.0,0.5,1.0,0.0,0,1.0000000036274914e-15,0
2025-02-10,BTCUSDT,6.145e-05,0.0,1.0,0.0,22.42,48.5897,0.0008928571428572507,6.60578888888889e-05,2.8123260296753696e-05,-0.16384618427120223,0.0,0.5,1.0,0.0,0,1.0000000036274914e-15,0
2025-02-11,BTCUSDT,2.9540000000000002e-05,0.0,1.0,0.0,22.32,48.8915,-0.00490414623272406,6.539077777777778e-05,2.8758459061176572e-05,-1.2466167850479761,0.0,0.5,1.0,0.0,0,1.0000000036274914e-15,0
2025-02-12,BTCUSDT,3.7189999999999995e-05,0.0,1.0,0.0,22.4,50.1184,0.0004466279589101507,6.51708888888889e-05,2.895389663269949e-05,-0.966394583908554,0.0,0.5,1.0,0.0,0,1.0000000036274914e-15,0
2025-02-13,BTCUSDT,4.974e-05,0.0,1.0,0.0,22.39,49.9147,-0.002228163992869958,6.355155555555555e-05,2.8388983613369963e-05,-0.4865110968273946,0.0,0.5,1.0,0.0,0,1.0000000036274914e-15,0
2025-02-14,BTCUSDT,5.567666666666667e-05,0.0,1.0,0.0,22.3,49.0879,-0.0008960573476702871,6.322655555555556e-05,2.8422566562952677e-05,-0.26563008911129704,0.0,0.5,1.0,0.0,0,1.0000000036274914e-15,0
2025-02-15,BTCUSDT,2.3623333333333335e-05,0.0,1.0,0.0,22.28,49.4552,-0.0017921146953404632,6.258133333333334e-05,2.910944227529062e-05,-1.3383286299878467,0.0,0.5,1.0,0.0,0,1.0000000036274914e-15,0
2025-02-16,BTCUSDT,2.457e-05,0.0,1.0,0.0,22.37,48.6521,-0.0048932384341636714,6.146533333333333e-05,2.991965912226056e-05,-1.2331468477821923,0.0,0.5,1.0,0.0,0,1.0000000036274914e-15,0
2025-02-17,BTCUSDT,4.881666666666667e-05,0.0,1.0,0.0,22.52,48.3809,0.004460303300624302,6.0125111111111114e-05,2.9540768786293376e-05,-0.382808061843382,0.0,0.5,1.0,0.0,0,1.0000000036274914e-15,0
2025-02-18,BTCUSDT,9.829333333333334e-05,0.0,1.0,0.0,22.52,47.6337,0.008960573476702427,6.006822222222222e-05,2.9462871390958952e-05,1.2973993812035907,0.0,0.5,1.0,0.0,0,1.0000000036274914e-15,0
2025-02-19,BTCUSDT,7.915333333333333e-05,0.0,1.0,0.0,22.28,48.5178,-0.005357142857142727,5.937333333333333e-05,2.872519703722706e-05,0.688594058184028,0.0,0.5,1.0,0.0,0,1.0000000036274914e-15,0
2025-02-20,BTCUSDT,4.345e-05,0.0,1.0,0.0,22.35,48.2364,-0.001786511835640825,5.748833333333333e-05,2.7808086860255556e-05,-0.5048291672807411,0.0,0.5,1.0,0.0,0,1.0000000036274914e-15,0
2025-02-21,BTCUSDT,7.706666666666667e-06,0.0,1.0,0.0,22.36,48.7524,0.0026905829596413078,5.441188888888889e-05,2.804702846804885e-05,-1.6652467221413054,0.0,0.5,1.0,0.0,0,1.0000000036274914e-15,0
2025-02-22,BTCUSDT,6.261333333333334e-05,0.0,1.0,0.0,22.2,48.2233,-0.0035906642728905647,5.3469e-05,2.7241986246862765e-05,0.33567058034861236,0.0,0.5,1.0,0.0,0,1.0000000036274914e-15,0
2025-02-23,BTCUSDT,2.91e-05,0.0,1.0,0.0,22.28,46.969,-0.0040232454179705,5.250444444444445e-05,2.758480477838276e-05,-0.848454235310945,0.0,0.5,1.0,0.0,0,1.0000000036274914e-15,0
2025-02-24,BTCUSDT,1.9869999999999998e-05,0.0,1.0,0.0,22.31,45.6125,-0.009325044404973393,5.0724666666666666e-05,2.7919693589201018e-05,-1.1051219659015477,0.0,0.5,1.0,0.0,0,1.0000000036274914e-15,0
2025-02-25,BTCUSDT,5.543333333333334e-05,0.0,1.0,0.0,22.35,45.5768,-0.007548845470692678,4.9594e-05,2.6972153490368092e-05,0.21649488741855913,0.0,0.5,1.0,0.0,0,1.0000000036274914e-15,0
2025-02-26,BTCUSDT,6.508666666666666e-05,0.0,1.0,0.0,22.19,46.7415,-0.004039497307001816,5.0330888888888894e-05,2.7086962394288703e-05,0.5447557228081443,0.0,0.5,1.0,0.0,0,1.0000000036274914e-15,0
2025-02-27,BTCUSDT,6.040333333333334e-05,0.0,1.0,0.0,22.12,45.9313,-0.01029082774049217,4.972633333333333e-05,2.663426493198869e-05,0.4008745887023356,0.0,0.5,1.0,0.0,0,1.0000000036274914e-15,0
2025-02-28,BTCUSDT,6.197333333333333e-05,0.0,1.0,0.0,22.14,47.0799,-0.009838998211091132,4.8464444444444445e-05,2.5026867407036383e-05,0.5397754608749323,0.0,0.5,1.0,0.0,0,1.0000000036274914e-15,0
2025-03-01,BTCUSDT,-2.326666666666667e-05,0.0,1.0,0.0,22.04,47.1416,-0.007207207207207245,4.4679000000000004e-05,2.6992660860773913e-05,-2.517190395460649,0.0,0.5,1.0,0.0,0,1.0000000036274914e-15,0
2025-03-02,BTCUSDT,-2.2486666666666666e-05,0.0,1.0,0.0,22.08,47.8347,-0.008976660682226356,4.1571111111111115e-05,2.9167334709370667e-05,-2.1962163638214696,0.0,0.5,1.0,0.0,0,1.0000000036274914e-15,0
2025-03-03,BTCUSDT,1.8166666666666656e-06,0.0,1.0,0.0,22.1,47.4677,-0.009412819363514013,3.9472222222222216e-05,2.9700062442150107e-05,-1.2678611578309367,0.0,0.5,1.0,0.0,0,1.0000000036274914e-15,0
2025-03-04,BTCUSDT,-1.6333333333333335e-06,0.0,1.0,0.0,22.02,47.5538,-0.014765100671141007,3.849077777777778e-05,3.057240125556409e-05,-1.3124291669372432,0.0,0.5,1.0,0.0,0,1.0000000036274914e-15,0
2025-03-05,BTCUSDT,3.954333333333334e-05,0.0,1.0,0.0,21.91,44.6325,-0.012618296529968487,3.7048333333333336e-05,2.9407589863346635e-05,0.0848420428737599,0.0,0.5,1.0,0.0,0,1.0000000036274914e-15,0
2025-03-06,BTCUSDT,5.589666666666667e-05,0.0,1.0,0.0,21.95,45.5364,-0.007685352622061603,3.7406e-05,2.957451050433139e-05,0.6252230840459247,0.0,0.5,1.0,0.0,0,1.0000000036274914e-15,0
2025-03-07,BTCUSDT,-4.1000000000000004e-07,0.0,1.0,0.0,21.72,44.5267,-0.018970189701897122,3.673422222222222e-05,3.0211575753796506e-05,-1.2294698735650864,0.0,0.5,1.0,0.0,0,1.0000000036274914e-15,0
2025-03-08,BTCUSDT,2.303e-05,0.0,1.0,0.0,21.78,46.5842,-0.011796733212341093,3.662955555555556e-05,3.0254845287938866e-05,-0.44950008589126833,0.0,0.5,1.0,0.0,0,1.0000000036274914e-15,0
2025-03-09,BTCUSDT,3.479666666666667e-05,0.0,1.0,0.0,21.78,45.8562,-0.013586956521739024,3.555177777777778e-05,2.9701705779843107e-05,-0.025423156390686593,0.0,0.5,1.0,0.0,0,1.0000000036274914e-15,0
2025-03-10,BTCUSDT,3.111e-05,0.0,1.0,0.0,21.76,47.2311,-0.01538461538461533,3.6882000000000004e-05,2.8517029752418284e-05,-0.2024053714609086,0.0,0.5,1.0,0.0,0,1.0000000036274914e-15,0
2025-03-11,BTCUSDT,5.570333333333333e-05,0.0,1.0,0.0,21.7,46.4319,-0.014532243415077195,3.692633333333333e-05,2.854617884594902e-05,0.6577763034881511,0.0,0.5,1.0,0.0,0,1.0000000036274914e-15,0
2025-03-12,BTCUSDT,3.468e-05,0.0,1.0,0.0,21.65,45.4785,-0.01186672752167972,3.6033999999999994e-05,2.8169066855497803e-05,-0.04806690995288443,0.0,0.5,1.0,0.0,0,1.0000000036274914e-15,0
2025-03-13,BTCUSDT,1.8963333333333335e-05,0.0,1.0,0.0,21.66,47.1032,-0.013211845102505615,3.568144444444444e-05,2.8318934971467224e-05,-0.5903509834658492,0.0,0.5,1.0,0.0,0,1.0000000036274914e-15,0
2025-03-14,BTCUSDT,3.691333333333333e-05,0.0,1.0,0.0,21.69,46.8509,-0.0013812154696131174,3.5672222222222225e-05,2.8318471806686217e-05,0.0438269098552864,0.0,0.5,1.0,0.0,0,1.0000000036274914e-15,0
2025-03-15,BTCUSDT,-2.9150000000000004e-05,0.0,1.0,0.0,21.66,45.2877,-0.005509641873278293,3.304255555555556e-05,3.054262326278794e-05,-2.0362545489446804,0.0,0.5,1.0,0.0,0,1.0000000036274914e-15,0
2025-03-16,BTCUSDT,1.9716666666666667e-05,0.0,1.0,0.0,21.75,45.2098,-0.0013774104683196287,3.1843888888888886e-05,3.0328588716759843e-05,-0.39986107944154387,0.0,0.5,1.0,0.0,0,1.0000000036274914e-15,0
2025-03-17,BTCUSDT,3.4660000000000004e-05,0.0,1.0,0.0,21.73,48.4029,-0.0013786764705883137,3.221177777777778e-05,3.0292350345437964e-05,0.08081981735665912,0.0,0.5,1.0,0.0,0,1.0000000036274914e-15,0
2025-03-18,BTCUSDT,2.092e-05,0.0,1.0,0.0,21.76,47.6512,0.0027649769585254003,3.209011111111111e-05,3.0331406045672537e-05,-0.36826881992517385,0.0,0.5,1.0,0.0,0,1.0000000036274914e-15,0
2025-03-19,BTCUSDT,3.7283333333333336e-05,0.0,1.0,0.0,21.72,48.7996,0.0032332563510393264,3.1705666666666664e-05,3.018482694819776e-05,0.18478378810118365,0.0,0.5,1.0,0.0,0,1.0000000036274914e-15,0
2025-03-20,BTCUSDT,2.2733333333333335e-05,0.0,1.0,0.0,21.73,47.3613,0.003231763619575334,2.9187e-05,2.7467136801995608e-05,-0.234959570529309,0.0,0.5,1.0,0.0,0,1.0000000036274914e-15,0
2025-03-21,BTCUSDT,3.152333333333333e-05,0.0,1.0,0.0,21.83,46.6932,0.006454587367450193,2.7599333333333332e-05,2.580568498059937e-05,0.15205951723234817,0.0,0.5,1.0,0.0,0,1.0000000036274914e-15,0
2025-03-22,BTCUSDT,2.0526666666666668e-05,0.0,1.0,0.0,22.01,47.7732,0.016158818097876226,2.6835222222222225e-05,2.5659125518275786e-05,-0.24586011518834772,0.0,0.5,1.0,0.0,0,1.0000000036274914e-15,0
2025-03-23,BTCUSDT,1.9783333333333334e-05,0.0,1.0,0.0,21.97,49.0542,0.010114942528735682,2.7237777777777778e-05,2.5442495620459767e-05,-0.29299187295329226,0.0,0.5,1.0,0.0,0,1.0000000036274914e-15,0
2025-03-24,BTCUSDT,1.3763333333333333e-05,0.0,1.0,0.0,21.97,49.907,0.011044638748274105,2.5609444444444445e-05,2.4651280695138823e-05,-0.480547491938102,0.0,0.5,1.0,0.0,0,1.0000000036274914e-15,0
2025-03-25,BTCUSDT,-9.576666666666666e-06,0.0,1.0,0.0,22.02,49.0607,0.011948529411764719,2.4320222222222223e-05,2.5460516542891075e-05,-1.3313511857383493,0.0,0.5,1.0,0.0,0,1.0000000036274914e-15,0
2025-03-26,BTCUSDT,-1.471e-05,0.0,1.0,0.0,21.96,50.0906,0.011049723756906271,2.3167555555555556e-05,2.643312559430817e-05,-1.4329578778119114,0.0,0.5,1.0,0.0,0,1.0000000036274914e-15,0
2025-03-27,BTCUSDT,1.6293333333333332e-05,0.0,1.0,0.0,21.93,49.687,0.009203865623561791,2.1862888888888885e-05,2.574256075603861e-05,-0.21635592543951027,0.0,0.5,1.0,0.0,0,1.0000000036274914e-15,0
2025-03-28,BTCUSDT,3.081666666666667e-05,0.0,1.0,0.0,21.83,50.1106,0.0,2.0720555555555557e-05,2.448816110994327e-05,0.41228539234869904,0.0,0.5,1.0,0.0,0,1.0000000036274914e-15,0
2025-03-29,BTCUSDT,5.369333333333333e-05,0.0,1.0,0.0,22.04,49.043,0.0013630168105405183,2.0496888888888888e-05,2.41414019967833e-05,1.375083536940716,0.0,0.5,1.0,0.0,0,1.0000000036274914e-15,0
2025-03-30,BTCUSDT,1.7853333333333334e-05,0.0,1.0,0.0,22.04,50.4553,0.00318616294947649,1.9026222222222225e-05,2.283616199834676e-05,-0.05136103382756715,0.0,0.5,1.0,0.0,0,1.0000000036274914e-15,0
2025-03-31,BTCUSDT,3.502666666666667e-05,0.0,1.0,0.0,22.03,50.9076,0.00273099681383715,2.0969333333333333e-05,2.155768036412811e-05,0.6520800520228827,0.0,0.5,1.0,0.0,0,1.0000000036274914e-15,0
2025-04-01,BTCUSDT,3.474333333333333e-05,0.0,1.0,0.0,21.92,51.3359,-0.004541326067211582,2.2876999999999998e-05,2.005973602676577e-05,0.591549824858116,0.0,0.5,1.0,0.0,0,1.0000000036274914e-15,0
2025-04-02,BTCUSDT,5.523333333333333e-06,0.0,1.0,0.0,21.91,52.3217,-0.0022768670309654127,2.3000555555555556e-05,1.9936581695941568e-05,-0.8766408649573066,0.0,0.5,1.0,0.0,0,1.0000000036274914e-15,0
2025-04-03,BTCUSDT,5.794666666666666e-05,0.0,1.0,0.0,22.02,54.9112,0.004103967168262557,2.4986555555555557e-05,2.036107486649349e-05,1.6187805077693016,0.0,0.5,1.0,0.0,0,1.0000000036274914e-15,0
2025-04-04,BTCUSDT,5.685666666666666e-05,0.0,1.0,0.0,22.08,55.237,0.011452130096197832,2.5563666666666667e-05,2.102251683460442e-05,1.4885467922893845,0.0,0.5,1.0,0.0,0,1.0000000036274914e-15,0
2025-04-05,BTCUSDT,5.4680000000000005e-05,0.0,1.0,0.0,22.1,54.8839,0.0027223230490018846,2.552311111111111e-05,2.0963071671279428e-05,1.3908691124133041,0.0,0.5,1.0,0.0,0,1.0000000036274914e-15,0
2025-04-06,BTCUSDT,1.6603333333333334e-05,0.0,1.0,0.0,22.14,54.5885,0.00453720508166966,2.6090222222222224e-05,2.046144277810988e-05,-0.46364711383100415,0.0,0.5,1.0,0.0,0,1.0000000036274914e-15,0
2025-04-07,BTCUSDT,5.600333333333334e-05,0.0,1.0,0.0,22.15,55.9061,0.00544711756695393,2.7189333333333334e-05,2.1164899761530475e-05,1.3614049829979638,0.0,0.5,1.0,0.0,0,1.0000000036274914e-15,0
2025-04-08,BTCUSDT,3.594333333333333e-05,0.0,1.0,0.0,22.05,57.0459,0.0059306569343065,2.7227555555555554e-05,2.1180141677557436e-05,0.41150705743451427,0.0,0.5,1.0,0.0,0,1.0000000036274914e-15,0
2025-04-09,BTCUSDT,4.724000000000001e-05,0.0,1.0,0.0,22.18,56.9279,0.012323140118667197,2.7765222222222224e-05,2.1484642179140356e-05,0.9064511112354495,0.0,0.5,1.0,0.0,0,1.0000000036274914e-15,0
2025-04-10,BTCUSDT,4.864666666666667e-05,0.0,1.0,0.0,21.97,56.32,-0.002270663033605791,2.7530000000000002e-05,2.1205027398546415e-05,0.9958330291105493,0.0,0.5,1.0,0.0,0,1.0000000036274914e-15,0
2025-04-11,BTCUSDT,3.5366666666666674e-06,0.0,1.0,0.0,22.1,56.2972,0.0009057971014494459,2.6491888888888887e-05,2.16015402757767e-05,-1.0626659918303833,0.0,0.5,1.0,0.0,0,1.0000000036274914e-15,0
2025-04-12,BTCUSDT,4.894e-05,0.0,1.0,0.0,22.0,55.7924,-0.004524886877828149,2.749111111111111e-05,2.193206982583701e-05,0.9779692048773752,0.0,0.5,1.0,0.0,0,1.0000000036274914e-15,0
2025-04-13,BTCUSDT,7.709333333333334e-05,0.0,1.0,0.0,22.09,56.3391,-0.002258355916892496,2.8830444444444443e-05,2.3684159323495446e-05,2.037770825203433,0.0,0.5,1.0,0.0,0,1.0000000036274914e-15,0
2025-04-14,BTCUSDT,5.889333333333334e-05,0.0,1.0,0.0,22.06,55.9723,-0.004063205417607185,3.176522222222222e-05,2.161648510072253e-05,1.2549732754750385,0.0,0.5,1.0,0.0,0,1.0000000036274914e-15,0
2025-04-15,BTCUSDT,2.138666666666667e-05,0.0,1.0,0.0,22.02,55.0499,-0.0013605442176871652,3.182088888888889e-05,2.158651732487292e-05,-0.48336756064858394,0.0,0.5,1.0,0.0,0,1.0000000036274914e-15,0
2025-04-16,BTCUSDT,3.7743333333333335e-05,0.0,1.0,0.0,22.18,54.7276,0.0,3.192366666666667e-05,2.160783069617497e-05,0.269331371043039,0.0,0.5,1.0,0.0,0,1.0000000036274914e-15,0
2025-04-17,BTCUSDT,3.502666666666666e-05,0.0,1.0,0.0,22.31,56.2489,0.015475648611743331,3.2393888888888886e-05,2.1513401384816906e-05,0.1223784993681129,0.0,0.5,1.0,0.0,0,1.0000000036274914e-15,0
2025-04-18,BTCUSDT,3.951333333333333e-05,0.0,1.0,0.0,22.41,55.8173,0.014027149321266918,3.2468222222222226e-05,2.1534719996155613e-05,0.32715127535295574,0.0,0.5,1.0,0.0,0,1.0000000036274914e-15,0
2025-04-19,BTCUSDT,2.3336666666666666e-05,0.0,1.0,0.0,22.45,55.7931,0.020454545454545503,3.248833333333333e-05,2.1525594953973526e-05,-0.42515278607792023,0.0,0.5,1.0,0.0,0,1.0000000036274914e-15,0
2025-04-20,BTCUSDT,-1.2113333333333333e-05,0.0,1.0,0.0,22.36,56.1174,0.012222725215029318,3.103377777777778e-05,2.3015805209697857e-05,-1.8746731091089874,0.0,0.5,1.0,0.0,0,1.0000000036274914e-15,0
2025-04-21,BTCUSDT,4.062666666666667e-05,0.0,1.0,0.0,22.24,57.3051,0.008159564823209342,3.1703777777777775e-05,2.2991939012743088e-05,0.38808770691082023,0.0,0.5,1.0,0.0,0,1.0000000036274914e-15,0
2025-04-22,BTCUSDT,-1.3333333333333207e-07,0.0,1.0,0.0,22.19,57.5063,0.007720254314259822,3.103988888888889e-05,2.3626789822258147e-05,-1.319401512297485,0.0,0.5,1.0,0.0,0,1.0000000036274914e-15,0
2025-04-23,BTCUSDT,1.5240000000000001e-05,0.0,1.0,0.0,22.22,57.2474,0.0018034265103696878,3.108911111111111e-05,2.359106724140911e-05,-0.6718267956649013,0.0,0.5,1.0,0.0,0,1.0000000036274914e-15,0
2025-04-24,BTCUSDT,1.246666666666666e-06,0.0,1.0,0.0,22.28,56.7725,-0.0013446884805019543,3.144988888888889e-05,2.3023658255167774e-05,-1.3118341962638784,0.0,0.5,1.0,0.0,0,1.0000000036274914e-15,0
2025-04-25,BTCUSDT,-4.9133333333333334e-06,0.0,1.0,0.0,22.36,55.4265,-0.0022311468094601272,3.1776444444444445e-05,2.2407607833897134e-05,-1.6373803955224204,0.0,0.5,1.0,0.0,0,1.0000000036274914e-15,0
2025-04-26,BTCUSDT,-3.3346666666666664e-05,0.0,1.0,0.0,22.38,57.3654,-0.003118040089086893,3.012177777777778e-05,2.524369569237784e-05,-2.5142295018081806,0.0,0.5,1.0,0.0,0,1.0000000036274914e-15,0
2025-04-27,BTCUSDT,-8.603333333333333e-06,0.0,1.0,0.0,22.28,56.6877,-0.003577817531305816,2.8807777777777778e-05,2.6213601677355028e-05,-1.4271640948687034,0.0,0.5,1.0,0.0,0,1.0000000036274914e-15,0
2025-04-28,BTCUSDT,-1.734e-05,0.0,1.0,0.0,22.33,56.8673,0.004046762589928088,2.644e-05,2.7081976347966207e-05,-1.6165733046025565,0.0,0.5,1.0,0.0,0,1.0000000036274914e-15,0
2025-04-29,BTCUSDT,3.15e-06,0.0,1.0,0.0,22.36,57.3564,0.0076611086074807044,2.5949888888888888e-05,2.7374199300499626e-05,-0.832897015127407,0.0,0.5,1.0,0.0,0,1.0000000036274914e-15,0
2025-04-30,BTCUSDT,-2.013e-05,0.0,1.0,0.0,22.43,58.4661,0.0094509450945095,2.4111333333333334e-05,2.856970695070157e-05,-1.5485399766148782,0.0,0.5,1.0,0.0,0,1.0000000036274914e-15,0
2025-05-01,BTCUSDT,4.153333333333337e-06,0.0,1.0,0.0,22.47,58.2249,0.008527827648114883,2.3091666666666668e-05,2.8722637497089213e-05,-0.6593521690078972,0.0,0.5,1.0,0.0,0,1.0000000036274914e-15,0
2025-05-02,BTCUSDT,-0.00010101000000000001,0.0,1.0,0.0,22.54,60.1248,0.00805008944543828,1.9540555555555555e-05,3.650175851621978e-05,-3.302595832526485,0.0,0.5,1.0,0.0,0,1.0000000036274914e-15,0
2025-05-03,BTCUSDT,-1.4126666666666666e-05,0.0,1.0,0.0,22.52,59.1502,0.006255585344057124,1.7138111111111113e-05,3.62578282490252e-05,-0.8622904152737925,0.0,0.5,1.0,0.0,0,1.0000000036274914e-15,0
2025-05-04,BTCUSDT,2.448e-05,0.0,1.0,0.0,22.63,59.0299,0.01570915619389579,1.605888888888889e-05,3.550894556044627e-05,0.23715463746384682,0.0,0.5,1.0,0.0,0,1.0000000036274914e-15,0
2025-05-05,BTCUSDT,-3.383333333333334e-06,0.0,1.0,0.0,22.42,59.8773,0.0040304523063146025,1.4123444444444445e-05,3.490860118059183e-05,-0.5015032738553569,0.0,0.5,1.0,0.0,0,1.0000000036274914e-15,0
2025-05-06,BTCUSDT,2.3916666666666664e-05,0.0,1.0,0.0,22.36,59.7867,0.0,1.4367222222222223e-05,3.495202484373123e-05,0.2732157718226493,0.0,0.5,1.0,0.0,0,1.0000000036274914e-15,0
2025-05-07,BTCUSDT,8.376666666666667e-06,0.0,1.0,0.0,22.4,59.9772,-0.0013374944271066225,1.2779666666666667e-05,3.4066055613993624e-05,-0.12924889367559594,0.0,0.5,1.0,0.0,0,1.0000000036274914e-15,0
2025-05-08,BTCUSDT,4.218e-05,0.0,1.0,0.0,22.47,59.5418,0.0,1.2987555555555555e-05,3.423091757397833e-05,0.8528092880173322,0.0,0.5,1.0,0.0,0,1.0000000036274914e-15,0
2025-05-09,BTCUSDT,8.126e-05,0.0,1.0,0.0,22.52,59.2822,-0.0008873114463175957,1.4121555555555556e-05,3.592628173546226e-05,1.8687835534667412,0.0,0.5,1.0,0.0,0,1.0000000036274914e-15,0
2025-05-10,BTCUSDT,7.971333333333333e-05,0.0,1.0,0.0,22.59,59.8976,0.003108348134991168,1.5157111111111112e-05,3.737432302064504e-05,1.7272880685106269,0.0,0.5,1.0,0.0,0,1.0000000036274914e-15,0
2025-05-11,BTCUSDT,8.05e-05,0.0,1.0,0.0,22.5,60.9836,-0.0057445868316393645,1.7722555555555556e-05,3.91485120427273e-05,1.6035716600398033,0.0,0.5,1.0,0.0,0,1.0000000036274914e-15,0
2025-05-12,BTCUSDT,5.585e-05,0.0,1.0,0.0,22.44,61.7916,0.000892060660124816,1.795288888888889e-05,3.93582815359878e-05,0.9628751467835137,0.0,0.5,1.0,0.0,0,1.0000000036274914e-15,0
2025-05-13,BTCUSDT,8.034333333333333e-05,0.0,1.0,0.0,22.48,63.6298,0.005366726296959001,1.8061222222222224e-05,3.9530773147734524e-05,1.5755348593449012,0.0,0.5,1.0,0.0,0,1.0000000036274914e-15,0
2025-05-14,BTCUSDT,6.879333333333332e-05,0.0,1.0,0.0,22.46,63.2805,0.00267857142857153,1.8391222222222222e-05,3.9922769211562943e-05,1.2624903559173193,0.0,0.5,1.0,0.0,0,1.0000000036274914e-15,0
2025-05-15,BTCUSDT,3.251e-05,0.0,1.0,0.0,22.46,62.9773,-0.0004450378282152556,1.8762e-05,4.000312076523252e-05,0.343673186916673,0.0,0.5,1.0,0.0,0,1.0000000036274914e-15,0
2025-05-16,BTCUSDT,5.6023333333333336e-05,0.0,1.0,0.0,22.54,61.361,0.000888099467140302,1.9371333333333332e-05,4.043906347661655e-05,0.9063513555696863,0.0,0.5,1.0,0.0,0,1.0000000036274914e-15,0
2025-05-17,BTCUSDT,2.2526666666666666e-05,0.0,1.0,0.0,22.43,60.2932,-0.007082779991146482,1.8954666666666667e-05,4.033646255173676e-05,0.08855511301761884,0.0,0.5,1.0,0.0,0,1.0000000036274914e-15,0
2025-05-18,BTCUSDT,7.548333333333333e-05,0.0,1.0,0.0,22.53,62.0038,0.0013333333333334085,2.0153666666666666e-05,4.148684023774046e-05,1.3336678896151128,0.0,0.5,1.0,0.0,0,1.0000000036274914e-15,0
2025-05-19,BTCUSDT,4.713333333333333e-05,0.0,1.0,0.0,22.52,61.835,0.0035650623885916666,2.0946888888888892e-05,4.1776281983289333e-05,0.6268256340982933,0.0,0.5,1.0,0.0,0,1.0000000036274914e-15,0
2025-05-20,BTCUSDT,5.583666666666667e-05,0.0,1.0,0.0,22.52,62.9969,0.001779359430605032,2.3211888888888888e-05,4.176406882677974e-05,0.7811685665276532,0.0,0.5,1.0,0.0,0,1.0000000036274914e-15,0
2025-05-21,BTCUSDT,7.011e-05,0.0,1.0,0.0,22.43,63.2352,-0.0013357079252004356,2.4194666666666664e-05,4.2527909164817386e-05,1.0796517918477477,0.0,0.5,1.0,0.0,0,1.0000000036274914e-15,0
2025-05-22,BTCUSDT,0.0001,0.0,1.0,0.0,22.53,63.7363,0.003116651825467498,2.7532444444444443e-05,4.443920405063327e-05,1.630712275426609,0.0,0.5,1.0,0.0,0,1.0000000036274914e-15,0
2025-05-23,BTCUSDT,8.398666666666667e-05,0.0,1.0,0.0,22.55,64.7374,0.0004436557231588534,2.9824e-05,4.5542280868074585e-05,1.1892831372140393,0.0,0.5,1.0,0.0,0,1.0000000036274914e-15,0
2025-05-24,BTCUSDT,5.317e-05,0.0,1.0,0.0,22.28,65.4152,-0.006687472135532668,3.155477777777778e-05,4.5405219598709994e-05,0.4760514851212465,0.0,0.5,1.0,0.0,0,1.0000000036274914e-15,0
2025-05-25,BTCUSDT,6.186000000000001e-05,0.0,1.0,0.0,22.21,63.5846,-0.01420328450954289,3.378055555555555e-05,4.51920216493292e-05,0.6213363204312691,0.0,0.5,1.0,0.0,0,1.0000000036274914e-15,0
2025-05-26,BTCUSDT,9.037666666666667e-05,0.0,1.0,0.0,22.26,64.9583,-0.011545293072824037,3.790466666666667e-05,4.449488651665712e-05,1.179281578352977,0.0,0.5,1.0,0.0,0,1.0000000036274914e-15,0
2025-05-27,BTCUSDT,5.7973333333333336e-05,0.0,1.0,0.0,22.25,65.9111,-0.011989342806394299,4.012388888888889e-05,4.3749310046739026e-05,0.40799373579549525,0.0,0.5,1.0,0.0,0,1.0000000036274914e-15,0
2025-05-28,BTCUSDT,3.597333333333333e-05,0.0,1.0,0.0,22.41,67.2261,-0.000891662951404304,4.1901000000000004e-05,4.239650547796626e-05,-0.13981498238686962,0.0,0.5,1.0,0.0,0,1.0000000036274914e-15,0
2025-05-29,BTCUSDT,4.792333333333333e-05,0.0,1.0,0.0,22.57,67.9682,0.001775410563692903,4.3393444444444446e-05,4.1768761388823894e-05,0.10845159727673777,0.0,0.5,1.0,0.0,0,1.0000000036274914e-15,0
2025-05-30,BTCUSDT,4.621e-05,0.0,1.0,0.0,22.58,66.3662,0.001330376940132938,4.560477777777778e-05,4.000873118006241e-05,0.015127253586182648,0.0,0.5,1.0,0.0,0,1.0000000036274914e-15,0
2025-05-31,BTCUSDT,6.915e-05,0.0,1.0,0.0,22.56,65.523,0.012567324955116588,4.777133333333333e-05,3.944249192231742e-05,0.5420211965504684,0.0,0.5,1.0,0.0,0,1.0000000036274914e-15,0
2025-06-01,BTCUSDT,1.9566666666666667e-05,0.0,1.0,0.0,22.77,65.3471,0.025213867627194908,5.1790555555555556e-05,2.8339437950651145e-05,-1.1370687359785305,0.0,0.5,1.0,0.0,0,1.0000000036274914e-15,0
2025-06-02,BTCUSDT,3.139333333333333e-05,0.0,1.0,0.0,22.79,65.8986,0.023809523809523725,5.330788888888889e-05,2.5792598532672487e-05,-0.8496451231075279,0.0,0.5,1.0,0.0,0,1.0000000036274914e-15,0
2025-06-03,BTCUSDT,5.1756666666666665e-05,0.0,1.0,0.0,22.79,67.5936,0.024269662921348356,5.4217111111111115e-05,2.521565235986409e-05,-0.09757607732412883,0.0,0.5,1.0,0.0,0,1.0000000036274914e-15,0
2025-06-04,BTCUSDT,1.1873333333333334e-05,0.0,1.0,0.0,22.73,67.7882,0.014279339580544503,5.472566666666667e-05,2.41450145120141e-05,-1.774790125390516,0.0,0.5,1.0,0.0,0,1.0000000036274914e-15,0
2025-06-05,BTCUSDT,2.7003333333333333e-05,0.0,1.0,0.0,22.65,66.4682,0.003544528134691971,5.4828555555555557e-05,2.401543020393097e-05,-1.1586393408712556,0.0,0.5,1.0,0.0,0,1.0000000036274914e-15,0
2025-06-06,BTCUSDT,-3.172e-05,0.0,1.0,0.0,22.59,66.4312,0.0004428697962799433,5.3492e-05,2.7546054735554847e-05,-3.0934375473382514,0.0,0.5,1.0,0.0,0,1.0000000036274914e-15,0
2025-06-07,BTCUSDT,-1.918e-05,0.0,1.0,0.0,22.55,65.7388,-0.0004432624113474004,5.144666666666666e-05,3.053123070358928e-05,-2.3132597356569624,0.0,0.5,1.0,0.0,0,1.0000000036274914e-15,0
2025-06-08,BTCUSDT,2.2730000000000004e-05,0.0,1.0,0.0,22.41,65.6556,-0.015810276679841917,4.949566666666667e-05,3.0430330530686427e-05,-0.8795719993798865,0.0,0.5,1.0,0.0,0,1.0000000036274914e-15,0
2025-06-09,BTCUSDT,1.639e-05,0.0,1.0,0.0,22.26,66.4157,-0.023255813953488302,4.7384888888888885e-05,3.0458203001224258e-05,-1.0176204054994002,0.0,0.5,1.0,0.0,0,1.0000000036274914e-15,0
2025-06-10,BTCUSDT,8.179666666666667e-05,0.0,1.0,0.0,22.27,64.9582,-0.022817025010969716,4.7428111111111116e-05,3.0507695802953535e-05,1.1265536334680588,0.0,0.5,1.0,0.0,0,1.0000000036274914e-15,0
2025-06-11,BTCUSDT,7.402666666666667e-05,0.0,1.0,0.0,22.24,64.206,-0.021557413110426804,4.8033999999999994e-05,3.085919496222163e-05,0.842298922524951,0.0,0.5,1.0,0.0,0,1.0000000036274914e-15,0
2025-06-12,BTCUSDT,3.4336666666666666e-05,0.0,1.0,0.0,22.27,65.5464,-0.016777041942604765,4.650044444444445e-05,3.0336945518577173e-05,-0.4009559159582877,0.0,0.5,1.0,0.0,0,1.0000000036274914e-15,0
2025-06-13,BTCUSDT,5.953333333333333e-06,0.0,1.0,0.0,22.08,65.6615,-0.02257636122177964,4.440577777777778e-05,3.090867756161442e-05,-1.244066310109581,0.0,0.5,1.0,0.0,0,1.0000000036274914e-15,0
2025-06-14,BTCUSDT,2.317e-05,0.0,1.0,0.0,22.06,66.3328,-0.02172949002217306,4.4094444444444445e-05,3.107920082027535e-05,-0.6732619852565135,0.0,0.5,1.0,0.0,0,1.0000000036274914e-15,0
2025-06-15,BTCUSDT,1.722333333333333e-05,0.0,1.0,0.0,22.09,65.5808,-0.014279339580544392,4.280111111111111e-05,3.1371611301583716e-05,-0.815316036268961,0.0,0.5,1.0,0.0,0,1.0000000036274914e-15,0
2025-06-16,BTCUSDT,2.9330000000000002e-05,0.0,1.0,0.0,22.05,64.7848,-0.009433962264150941,4.302788888888889e-05,3.12443301153181e-05,-0.4384119882977825,0.0,0.5,1.0,0.0,0,1.0000000036274914e-15,0
2025-06-17,BTCUSDT,3.278e-05,0.0,1.0,0.0,22.16,64.8061,-0.004939380332285581,4.160444444444445e-05,3.0682419034412016e-05,-0.28760589034871553,0.0,0.5,1.0,0.0,0,1.0000000036274914e-15,0
2025-06-18,BTCUSDT,2.8783333333333333e-05,0.0,1.0,0.0,22.35,64.7455,0.004946043165467762,4.099277777777778e-05,3.0751227892915474e-05,-0.3970392495207413,0.0,0.5,1.0,0.0,0,1.0000000036274914e-15,0
2025-06-19,BTCUSDT,1.2856666666666668e-05,0.0,1.0,0.0,22.28,63.2318,0.00044903457566247695,3.956011111111111e-05,3.103570034904544e-05,-0.8604105640962524,0.0,0.5,1.0,0.0,0,1.0000000036274914e-15,0
2025-06-20,BTCUSDT,4.609000000000001e-05,0.0,1.0,0.0,22.1,61.6476,0.0009057971014494459,3.875944444444444e-05,3.052604197038917e-05,0.24014104293856178,0.0,0.5,1.0,0.0,0,1.0000000036274914e-15,0
2025-06-21,BTCUSDT,4.45e-05,0.0,1.0,0.0,22.13,62.1563,0.0031731640979146825,3.6909444444444445e-05,2.8286228674583582e-05,0.268348094151413,0.0,0.5,1.0,0.0,0,1.0000000036274914e-15,0
2025-06-22,BTCUSDT,5.676e-05,0.0,1.0,0.0,21.97,63.0514,-0.005432322317790894,3.600188888888888e-05,2.713712385174616e-05,0.764934088981409,0.0,0.5,1.0,0.0,0,1.0000000036274914e-15,0
2025-06-23,BTCUSDT,3.3966666666666675e-06,0.0,1.0,0.0,21.92,63.1982,-0.005895691609977272,3.4342777777777775e-05,2.756938470919982e-05,-1.1224810215218364,0.0,0.5,1.0,0.0,0,1.0000000036274914e-15,0
2025-06-24,BTCUSDT,9.7e-06,0.0,1.0,0.0,22.08,64.095,-0.0036101083032491488,3.260411111111111e-05,2.7418492594519815e-05,-0.8353526741907394,0.0,0.5,1.0,0.0,0,1.0000000036274914e-15,0
2025-06-25,BTCUSDT,1.7833333333333338e-06,0.0,1.0,0.0,22.06,63.2038,-0.012975391498881605,2.9651e-05,2.5698560645918613e-05,-1.0844057397079376,0.0,0.5,1.0,0.0,0,1.0000000036274914e-15,0
2025-06-26,BTCUSDT,1.542666666666667e-05,0.0,1.0,0.0,21.84,62.4847,-0.019748653500897717,2.8232777777777777e-05,2.525176745201722e-05,-0.5071372186301399,0.0,0.5,1.0,0.0,0,1.0000000036274914e-15,0
2025-06-27,BTCUSDT,2.1110000000000003e-05,0.0,1.0,0.0,21.82,61.4975,-0.012669683257918618,2.7737333333333333e-05,2.5240467528806253e-05,-0.2625677723984208,0.0,0.5,1.0,0.0,0,1.0000000036274914e-15,0
2025-06-28,BTCUSDT,3.108666666666667e-05,0.0,1.0,0.0,21.81,61.5743,-0.014460009037505661,2.717611111111111e-05,2.496179781697131e-05,0.15666161484958444,0.0,0.5,1.0,0.0,0,1.0000000036274914e-15,0
2025-06-29,BTCUSDT,5.536666666666667e-05,0.0,1.0,0.0,21.78,60.9243,-0.008648156577150568,2.7481333333333334e-05,2.525680026936645e-05,1.1040722908655611,0.0,0.5,1.0,0.0,0,1.0000000036274914e-15,0
2025-06-30,BTCUSDT,2.988666666666667e-05,0.0,1.0,0.0,21.8,61.3663,-0.005474452554744547,2.6172555555555555e-05,2.400961998584211e-05,0.15469262376086065,0.0,0.5,1.0,0.0,0,1.0000000036274914e-15,0
2025-07-01,BTCUSDT,2.1653333333333335e-05,0.0,1.0,0.0,21.69,62.7772,-0.017663043478260754,2.624211111111111e-05,2.39928395685435e-05,-0.19125613559280508,0.0,0.5,1.0,0.0,0,1.0000000036274914e-15,0
2025-07-02,BTCUSDT,3.113333333333333e-05,0.0,1.0,0.0,21.68,62.7961,-0.017225747960108784,2.6233444444444444e-05,2.399096157205678e-05,0.2042389536647826,0.0,0.5,1.0,0.0,0,1.0000000036274914e-15,0
2025-07-03,BTCUSDT,4.487e-05,0.0,1.0,0.0,21.75,63.0293,-0.004120879120879106,2.600388888888889e-05,2.3770255489598632e-05,0.7936856681816705,0.0,0.5,1.0,0.0,0,1.0000000036274914e-15,0
2025-07-04,BTCUSDT,4.0119999999999995e-05,0.0,1.0,0.0,21.85,63.3164,0.001374885426214556,2.6945444444444447e-05,2.3750660623733873e-05,0.5547026991910409,0.0,0.5,1.0,0.0,0,1.0000000036274914e-15,0
2025-07-05,BTCUSDT,2.7086666666666663e-05,0.0,1.0,0.0,21.79,63.6779,-0.0009170105456212108,2.6948222222222222e-05,2.375067250079517e-05,0.0058290747110342125,0.0,0.5,1.0,0.0,0,1.0000000036274914e-15,0
2025-07-06,BTCUSDT,1.544666666666667e-05,0.0,1.0,0.0,21.67,63.7865,-0.005050505050504972,2.8520444444444445e-05,2.1152083033446638e-05,-0.6180846471293121,0.0,0.5,1.0,0.0,0,1.0000000036274914e-15,0
2025-07-07,BTCUSDT,3.356333333333333e-05,0.0,1.0,0.0,21.67,63.5783,-0.005963302752293509,3.0278555555555556e-05,1.9147591521127447e-05,0.17155044143036746,0.0,0.5,1.0,0.0,0,1.0000000036274914e-15,0
2025-07-08,BTCUSDT,3.079e-05,0.0,1.0,0.0,21.66,61.6965,-0.0013831258644537714,3.054722222222222e-05,1.9094495507461645e-05,0.012714542664031523,0.0,0.5,1.0,0.0,0,1.0000000036274914e-15,0
2025-07-09,BTCUSDT,3.5806666666666664e-05,0.0,1.0,0.0,21.6,61.7893,-0.0036900369003689537,3.119444444444444e-05,1.8926410044966797e-05,0.243692396564597,0.0,0.5,1.0,0.0,0,1.0000000036274914e-15,0
2025-07-10,BTCUSDT,6.810333333333333e-05,0.0,1.0,0.0,21.62,60.7617,-0.005977011494252782,3.0738e-05,1.7795284010848105e-05,2.0997323397904304,0.0,0.5,1.0,0.0,0,1.0000000036274914e-15,0
2025-07-11,BTCUSDT,0.0001,0.0,1.0,0.0,21.74,59.8955,-0.005034324942791879,3.160377777777778e-05,2.0413248491404532e-05,3.350580004501588,0.0,0.5,1.0,0.0,0,1.0000000036274914e-15,0
2025-07-12,BTCUSDT,0.0001,0.0,1.0,0.0,21.84,60.3227,0.0022946305644790943,3.379255555555556e-05,2.3933220882828036e-05,2.766340759924543,0.0,0.5,1.0,0.0,0,1.0000000036274914e-15,0
2025-07-13,BTCUSDT,0.0001,0.0,1.0,0.0,21.78,62.098,0.0050761421319796,3.6927444444444444e-05,2.6211836197515687e-05,2.4062623877351053,0.0,0.5,1.0,0.0,0,1.0000000036274914e-15,0
2025-07-14,BTCUSDT,9.350333333333332e-05,0.0,1.0,0.0,21.66,63.0172,-0.00046146746654363024,3.927188888888889e-05,2.802180289176919e-05,1.9353303088279794,0.0,0.5,1.0,0.0,0,1.0000000036274914e-15,0
2025-07-15,BTCUSDT,0.0001,0.0,1.0,0.0,21.76,62.3465,0.004616805170821747,4.2031111111111114e-05,2.9795155322889765e-05,1.9455810268710028,0.0,0.5,1.0,0.0,0,1.0000000036274914e-15,0
2025-07-16,BTCUSDT,0.0001,0.0,1.0,0.0,21.9,62.0965,0.01388888888888884,4.438677777777777e-05,3.150116912606573e-05,1.7654335938981047,0.0,0.5,1.0,0.0,0,1.0000000036274914e-15,0
2025-07-17,BTCUSDT,0.0001,0.0,1.0,0.0,21.92,62.3568,0.013876040703052706,4.662744444444444e-05,3.3002027949800576e-05,1.6172507833985421,0.0,0.5,1.0,0.0,0,1.0000000036274914e-15,0
2025-07-18,BTCUSDT,0.0001,0.0,1.0,0.0,21.91,63.1676,0.007819687212511583,4.900133333333333e-05,3.421334612886122e-05,1.4906073926410235,0.0,0.5,1.0,0.0,0,1.0000000036274914e-15,0
2025-07-19,BTCUSDT,0.0001,0.0,1.0,0.0,21.99,61.4191,0.006868131868131844,5.190611111111111e-05,3.4734129892285075e-05,1.3846291540347813,0.0,0.5,1.0,0.0,0,1.0000000036274914e-15,0
2025-07-20,BTCUSDT,0.0001,0.0,1.0,0.0,22.12,59.7566,0.015610651974288237,5.370311111111111e-05,3.5801007658641846e-05,1.2931727880489836,0.0,0.5,1.0,0.0,0,1.0000000036274914e-15,0
2025-07-21,BTCUSDT,0.0001,0.0,1.0,0.0,22.22,60.8833,0.025854108956602007,5.555311111111111e-05,3.6730933124884086e-05,1.2100669682899365,0.0,0.5,1.0,0.0,0,1.0000000036274914e-15,0
2025-07-22,BTCUSDT,0.0001,0.0,1.0,0.0,22.11,60.4725,0.016084558823529216,5.699444444444445e-05,3.761759864024316e-05,1.1432296879670671,0.0,0.5,1.0,0.0,0,1.0000000036274914e-15,0
2025-07-23,BTCUSDT,0.0001,0.0,1.0,0.0,22.0,60.2576,0.004566210045662267,6.021455555555556e-05,3.70009835168366e-05,1.0752537003872025,0.0,0.5,1.0,0.0,0,1.0000000036274914e-15,0
2025-07-24,BTCUSDT,0.0001,0.0,1.0,0.0,21.97,61.0372,0.002281021897809987,6.322455555555556e-05,3.641829254355464e-05,1.009806937007348,0.0,0.5,1.0,0.0,0,1.0000000036274914e-15,0
2025-07-25,BTCUSDT,0.0001,0.0,1.0,0.0,22.1,62.4329,0.00867183934276583,6.649844444444445e-05,3.50951062479402e-05,0.9545933646381772,0.0,0.5,1.0,0.0,0,1.0000000036274914e-15,0
2025-07-26,BTCUSDT,0.0001,0.0,1.0,0.0,22.05,62.2237,0.0027285129604366354,6.931755555555555e-05,3.4237473979105426e-05,0.8961655425622068,0.0,0.5,1.0,0.0,0,1.0000000036274914e-15,0
2025-07-27,BTCUSDT,0.0001,0.0,1.0,0.0,21.88,61.4178,-0.010849909584086936,7.194722222222224e-05,3.3427184730261006e-05,0.8392204729219123,0.0,0.5,1.0,0.0,0,1.0000000036274914e-15,0
2025-07-28,BTCUSDT,0.0001,0.0,1.0,0.0,21.98,63.0334,-0.01080108010801073,7.424433333333334e-05,3.288590277987582e-05,0.7831825946535236,0.0,0.5,1.0,0.0,0,1.0000000036274914e-15,0
2025-07-29,BTCUSDT,0.0001,0.0,1.0,0.0,21.85,62.4409,-0.011759384893713198,7.573211111111112e-05,3.301179467014002e-05,0.7351278272319981,0.0,0.5,1.0,0.0,0,1.0000000036274914e-15,0
2025-07-30,BTCUSDT,0.0001,0.0,1.0,0.0,21.85,62.7211,-0.006818181818181723,7.806922222222223e-05,3.2124135323076996e-05,0.6826885006309686,0.0,0.5,1.0,0.0,0,1.0000000036274914e-15,0
2025-07-31,BTCUSDT,8.564666666666667e-05,0.0,1.0,0.0,21.77,63.1452,-0.00910332271279013,8.020233333333334e-05,3.0322975409131126e-05,0.17954482566027755,0.0,0.5,1.0,0.0,0,1.0000000036274914e-15,0
2025-08-01,BTCUSDT,1.9406666666666665e-05,0.0,1.0,0.0,21.72,63.1307,-0.017194570135746767,7.981144444444445e-05,3.104433136825638e-05,-1.9457586978195707,0.0,0.5,1.0,0.0,0,1.0000000036274914e-15,0
2025-08-02,BTCUSDT,3.380333333333333e-05,0.0,1.0,0.0,21.78,63.1371,-0.012244897959183598,7.944255555555555e-05,3.1535707277208076e-05,-1.4472236763564597,0.0,0.5,1.0,0.0,0,1.0000000036274914e-15,0
2025-08-03,BTCUSDT,5.89e-05,0.0,1.0,0.0,21.73,63.0275,-0.006855575868372932,8.006855555555556e-05,3.090837466251424e-05,-0.68488090320805,0.0,0.5,1.0,0.0,0,1.0000000036274914e-15,0
2025-08-04,BTCUSDT,4.606333333333334e-05,0.0,1.0,0.0,21.72,62.6575,-0.011828935395814422,8.070111111111111e-05,2.996651688726904e-05,-1.1558826775925124,0.0,0.5,1.0,0.0,0,1.0000000036274914e-15,0
2025-08-05,BTCUSDT,6.824666666666668e-05,0.0,1.0,0.0,21.7,64.2562,-0.006864988558352492,8.24611111111111e-05,2.7446383194274154e-05,-0.5178986369107398,0.0,0.5,1.0,0.0,0,1.0000000036274914e-15,0
2025-08-06,BTCUSDT,7.578333333333334e-05,0.0,1.0,0.0,21.75,63.9607,-0.004576659038901698,8.386844444444445e-05,2.589101627849948e-05,-0.31227476836531853,0.0,0.5,1.0,0.0,0,1.0000000036274914e-15,0
2025-08-07,BTCUSDT,6.230666666666666e-05,0.0,1.0,0.0,21.82,63.6269,0.0022967386311438798,8.491899999999999e-05,2.4250471720338565e-05,-0.9324492155906662,0.0,0.5,1.0,0.0,0,1.0000000036274914e-15,0
2025-08-08,BTCUSDT,4.035e-05,0.0,1.0,0.0,21.94,63.9965,0.010128913443830712,8.507044444444445e-05,2.394545698332822e-05,-1.8675961989608552,0.0,0.5,1.0,0.0,0,1.0000000036274914e-15,0
2025-08-09,BTCUSDT,7.691000000000001e-05,0.0,1.0,0.0,21.93,64.4442,0.00688705234159781,8.5364e-05,2.378371446746005e-05,-0.35545330867331215,0.0,0.5,1.0,0.0,0,1.0000000036274914e-15,0
2025-08-10,BTCUSDT,9.949666666666667e-05,0.0,1.0,0.0,21.77,63.3174,0.0018407731247123138,8.534722222222224e-05,2.3773208963697133e-05,0.5951844560005057,0.0,0.5,1.0,0.0,0,1.0000000036274914e-15,0
2025-08-11,BTCUSDT,0.0001,0.0,1.0,0.0,21.65,63.4604,-0.0032228360957642366,8.534722222222221e-05,2.3773208963697133e-05,0.6163567484790677,0.0,0.5,1.0,0.0,0,1.0000000036274914e-15,0
2025-08-12,BTCUSDT,8.843666666666666e-05,0.0,1.0,0.0,21.83,65.6917,0.005990783410138256,8.496177777777779e-05,2.362069681028181e-05,0.14711203978437656,0.0,0.5,1.0,0.0,0,1.0000000036274914e-15,0
2025-08-13,BTCUSDT,9.041000000000001e-05,0.0,1.0,0.0,21.89,66.1925,0.006436781609195474,8.485866666666667e-05,2.358885491756172e-05,0.23533712648342295,0.0,0.5,1.0,0.0,0,1.0000000036274914e-15,0
2025-08-14,BTCUSDT,0.0001,0.0,1.0,0.0,21.71,65.6499,-0.005041246562786372,8.485866666666667e-05,2.358885491756172e-05,0.6418850506414674,0.0,0.5,1.0,0.0,0,1.0000000036274914e-15,0
2025-08-15,BTCUSDT,4.5503333333333335e-05,0.0,1.0,0.0,21.63,65.029,-0.014129443938012853,8.304211111111112e-05,2.4464734843137364e-05,-1.5344036229482307,0.0,0.5,1.0,0.0,0,1.0000000036274914e-15,0
2025-08-16,BTCUSDT,8.713666666666667e-05,0.0,1.0,0.0,21.62,64.5569,-0.014135886912904683,8.261333333333334e-05,2.4269218588186195e-05,0.1863814987242814,0.0,0.5,1.0,0.0,0,1.0000000036274914e-15,0
2025-08-17,BTCUSDT,4.9160000000000004e-05,0.0,1.0,0.0,21.42,65.3048,-0.01607717041800638,8.091866666666667e-05,2.4782868551476896e-05,-1.2814766216711446,0.0,0.5,1.0,0.0,0,1.0000000036274914e-15,0
2025-08-18,BTCUSDT,2.4866666666666667e-05,0.0,1.0,0.0,21.31,65.5441,-0.015704387990762125,7.841422222222223e-05,2.6523307121068157e-05,-2.018886834553951,0.0,0.5,1.0,0.0,0,1.0000000036274914e-15,0
2025-08-19,BTCUSDT,5.522e-05,0.0,1.0,0.0,21.52,64.6247,-0.014200641319285334,7.692155555555556e-05,2.6526677091123606e-05,-0.818103054559267,0.0,0.5,1.0,0.0,0,1.0000000036274914e-15,0
2025-08-20,BTCUSDT,3.614333333333333e-05,0.0,1.0,0.0,21.26,64.3387,-0.028780264961169477,7.479300000000001e-05,2.7165266663734627e-05,-1.422760436887727,0.0,0.5,1.0,0.0,0,1.0000000036274914e-15,0
2025-08-21,BTCUSDT,5.4380000000000005e-05,0.0,1.0,0.0,21.37,66.297,-0.01566098572086594,7.327233333333332e-05,2.6981810335923825e-05,-0.7001877597582803,0.0,0.5,1.0,0.0,0,1.0000000036274914e-15,0
2025-08-22,BTCUSDT,7.721e-05,0.0,1.0,0.0,21.25,66.7937,-0.017568192325473797,7.251266666666667e-05,2.652022574350611e-05,0.1771226753031523,0.0,0.5,1.0,0.0,0,1.0000000036274914e-15,0
2025-08-23,BTCUSDT,9.903666666666667e-05,0.0,1.0,0.0,21.21,66.6878,-0.018963922294172098,7.248055555555556e-05,2.648635756816218e-05,1.0026335649501605,0.0,0.5,1.0,0.0,0,1.0000000036274914e-15,0
2025-08-24,BTCUSDT,0.0001,0.0,1.0,0.0,21.47,65.1848,0.0023342670401491628,7.248055555555555e-05,2.648635756816218e-05,1.0390044902785762,0.0,0.5,1.0,0.0,0,1.0000000036274914e-15,0
2025-08-25,BTCUSDT,9.448000000000002e-05,0.0,1.0,0.0,21.5,65.6525,0.008916001877053104,7.229655555555555e-05,2.6307155859432047e-05,0.8432475392998788,0.0,0.5,1.0,0.0,0,1.0000000036274914e-15,0
2025-08-26,BTCUSDT,6.140666666666667e-05,0.0,1.0,0.0,21.6,65.7505,0.003717472118959231,7.10101111111111e-05,2.5845287504573416e-05,-0.3715742934856139,0.0,0.5,1.0,0.0,0,1.0000000036274914e-15,0
2025-08-27,BTCUSDT,3.600333333333333e-05,0.0,1.0,0.0,21.63,65.3588,0.017403574788334764,6.88768888888889e-05,2.6010561131400134e-05,-1.2638541471475746,0.0,0.5,1.0,0.0,0,1.0000000036274914e-15,0
2025-08-28,BTCUSDT,7.500666666666667e-05,0.0,1.0,0.0,21.66,65.0156,0.013570425830603527,6.804377777777777e-05,2.5371741902201204e-05,0.2744347989873261,0.0,0.5,1.0,0.0,0,1.0000000036274914e-15,0
2025-08-29,BTCUSDT,3.587e-05,0.0,1.0,0.0,21.72,64.646,0.022117647058823575,6.590611111111112e-05,2.528792583758576e-05,-1.1877649161113906,0.0,0.5,1.0,0.0,0,1.0000000036274914e-15,0
2025-08-30,BTCUSDT,7.848000000000001e-05,0.0,1.0,0.0,21.76,64.6168,0.025931164545025975,6.566722222222221e-05,2.5128358559508155e-05,0.5098931451266503,0.0,0.5,1.0,0.0,0,1.0000000036274914e-15,0
2025-08-31,BTCUSDT,4.5056666666666665e-05,0.0,1.0,0.0,21.87,64.5654,0.01863064741499776,6.652222222222223e-05,2.3906731819907965e-05,-0.8978874953405572,0.0,0.5,1.0,0.0,0,1.0000000036274914e-15,0
2025-09-01,BTCUSDT,6.541e-05,0.0,1.0,0.0,21.7,65.8273,0.009302325581395321,6.757577777777777e-05,2.309786893577272e-05,-0.09376526396439698,0.0,0.5,1.0,0.0,0,1.0000000036274914e-15,0
2025-09-02,BTCUSDT,7.369e-05,0.0,1.0,0.0,21.61,65.1735,0.0004629629629628873,6.80687777777778e-05,2.3064122052243856e-05,0.243721491305381,0.0,0.5,1.0,0.0,0,1.0000000036274914e-15,0
2025-09-03,BTCUSDT,2.746e-05,0.0,1.0,0.0,21.55,66.548,-0.003698566805362846,6.744866666666668e-05,2.3910721277924346e-05,-1.672415741953646,0.0,0.5,1.0,0.0,0,1.0000000036274914e-15,0
2025-09-04,BTCUSDT,4.7113333333333335e-05,0.0,1.0,0.0,21.33,69.6857,-0.015235457063711988,6.674422222222223e-05,2.419600771244871e-05,-0.8113276009078518,0.0,0.5,1.0,0.0,0,1.0000000036274914e-15,0
2025-09-05,BTCUSDT,8.468000000000001e-05,0.0,1.0,0.0,21.44,69.909,-0.012891344383056946,6.704077777777778e-05,2.436454824640771e-05,0.7239708302337575,0.0,0.5,1.0,0.0,0,1.0000000036274914e-15,0
2025-09-06,BTCUSDT,4.022333333333333e-05,0.0,1.0,0.0,21.43,70.1945,-0.015165441176470673,6.630466666666666e-05,2.484143705778146e-05,-1.0499124214379327,0.0,0.5,1.0,0.0,0,1.0000000036274914e-15,0
2025-09-07,BTCUSDT,4.183333333333334e-05,0.0,1.0,0.0,21.49,70.8397,-0.017375400091449555,6.635411111111112e-05,2.478941720011305e-05,-0.9891631408610108,0.0,0.5,1.0,0.0,0,1.0000000036274914e-15,0
2025-09-08,BTCUSDT,7.799e-05,0.0,1.0,0.0,21.54,70.9293,-0.007373271889400956,6.639011111111112e-05,2.4806054036170255e-05,0.46762330163333626,0.0,0.5,1.0,0.0,0,1.0000000036274914e-15,0
2025-09-09,BTCUSDT,7.933e-05,0.0,1.0,0.0,21.52,70.778,-0.004164738546968971,6.571788888888888e-05,2.414232898140038e-05,0.5638275877028309,0.0,0.5,1.0,0.0,0,1.0000000036274914e-15,0
2025-09-10,BTCUSDT,6.943666666666667e-05,0.0,1.0,0.0,21.5,71.9118,-0.0023201856148492572,6.469911111111111e-05,2.327507052609773e-05,0.2035463458743749,0.0,0.5,1.0,0.0,0,1.0000000036274914e-15,0
2025-09-11,BTCUSDT,4.4840000000000004e-05,0.0,1.0,0.0,21.56,68.9714,0.010782934833567737,6.32458888888889e-05,2.310224308963527e-05,-0.7967143630804673,0.0,0.5,1.0,0.0,0,1.0000000036274914e-15,0
2025-09-12,BTCUSDT,5.5986666666666664e-05,0.0,1.0,0.0,21.63,69.1662,0.008861940298507287,6.209844444444445e-05,2.2554916850325354e-05,-0.2709731903839683,0.0,0.5,1.0,0.0,0,1.0000000036274914e-15,0
2025-09-13,BTCUSDT,1.2780000000000001e-05,0.0,1.0,0.0,21.62,68.7776,0.008866075594960332,5.919111111111111e-05,2.3115308694473417e-05,-2.0078084063055335,0.0,0.5,1.0,0.0,0,1.0000000036274914e-15,0
2025-09-14,BTCUSDT,5.359e-05,0.0,1.0,0.0,21.74,69.7252,0.011633317822242972,5.946066666666667e-05,2.2997034864672872e-05,-0.2552792871434463,0.0,0.5,1.0,0.0,0,1.0000000036274914e-15,0
2025-09-15,BTCUSDT,7.551666666666667e-05,0.0,1.0,0.0,21.66,70.1322,0.005571030640668662,5.9073333333333336e-05,2.260941069791978e-05,0.7272782804041076,0.0,0.5,1.0,0.0,0,1.0000000036274914e-15,0
2025-09-16,BTCUSDT,4.82e-05,0.0,1.0,0.0,21.56,68.7526,0.0018587360594795044,5.9041333333333333e-05,2.2624599513398955e-05,-0.479183436016747,0.0,0.5,1.0,0.0,0,1.0000000036274914e-15,0
2025-09-17,BTCUSDT,7.238666666666666e-05,0.0,1.0,0.0,21.5,69.615,0.0,6.062533333333334e-05,2.1797833640468835e-05,0.5395643221855674,0.0,0.5,1.0,0.0,0,1.0000000036274914e-15,0
2025-09-18,BTCUSDT,6.0256666666666675e-05,0.0,1.0,0.0,21.6,70.1281,0.0018552875695734272,6.0793222222222224e-05,2.177414923901608e-05,-0.024641860844515556,0.0,0.5,1.0,0.0,0,1.0000000036274914e-15,0
2025-09-19,BTCUSDT,2.3806666666666663e-05,0.0,1.0,0.0,21.67,70.6443,0.0018492834026815341,6.0382e-05,2.2364233171828516e-05,-1.6354387406140118,0.0,0.5,1.0,0.0,0,1.0000000036274914e-15,0
2025-09-20,BTCUSDT,9.08e-06,0.0,1.0,0.0,21.6,71.0762,-0.0009250693802035359,5.8872e-05,2.4234541489906162e-05,-2.0545880771352194,0.0,0.5,1.0,0.0,0,1.0000000036274914e-15,0
2025-09-21,BTCUSDT,3.2766666666666652e-06,0.0,1.0,0.0,21.68,71.8305,-0.002759889604415755,5.640755555555555e-05,2.6000285998032685e-05,-2.0434732484446148,0.0,0.5,1.0,0.0,0,1.0000000036274914e-15,0
2025-09-22,BTCUSDT,4.415333333333333e-05,0.0,1.0,0.0,21.8,72.5388,0.006463527239150446,5.4578111111111114e-05,2.4800549303075586e-05,-0.4203446323055828,0.0,0.5,1.0,0.0,0,1.0000000036274914e-15,0
2025-09-23,BTCUSDT,7.207666666666666e-05,0.0,1.0,0.0,21.84,73.6089,0.012987012987013102,5.364733333333334e-05,2.3528420938884154e-05,0.7832796506490649,0.0,0.5,1.0,0.0,0,1.0000000036274914e-15,0
2025-09-24,BTCUSDT,5.649e-05,0.0,1.0,0.0,21.83,72.7271,0.015348837209302246,5.2381000000000006e-05,2.224214487283069e-05,0.18473937758670203,0.0,0.5,1.0,0.0,0,1.0000000036274914e-15,0
2025-09-25,BTCUSDT,3.69e-05,0.0,1.0,0.0,21.82,71.9821,0.010185185185185075,5.156411111111111e-05,2.2349000383643e-05,-0.6561417002723585,0.0,0.5,1.0,0.0,0,1.0000000036274914e-15,0
2025-09-26,BTCUSDT,5.0730000000000004e-05,0.0,1.0,0.0,21.75,71.8376,0.00369173973234882,5.2055e-05,2.2156329760755953e-05,-0.05980232350336668,0.0,0.5,1.0,0.0,0,1.0000000036274914e-15,0
2025-09-27,BTCUSDT,3.745333333333333e-05,0.0,1.0,0.0,21.67,71.5297,0.003240740740740655,5.0803222222222226e-05,2.1873938787320548e-05,-0.6103102426448819,0.0,0.5,1.0,0.0,0,1.0000000036274914e-15,0
2025-09-28,BTCUSDT,4.5169999999999996e-05,0.0,1.0,0.0,21.48,71.743,-0.009225092250922495,5.111322222222223e-05,2.1720366900707074e-05,-0.2736243936113602,0.0,0.5,1.0,0.0,0,1.0000000036274914e-15,0
2025-09-29,BTCUSDT,1.2159999999999999e-05,0.0,1.0,0.0,21.48,70.9259,-0.014678899082568808,4.890255555555556e-05,2.220846172455585e-05,-1.6544394659684778,0.0,0.5,1.0,0.0,0,1.0000000036274914e-15,0
2025-09-30,BTCUSDT,3.6099999999999997e-05,0.0,1.0,0.0,21.55,71.8634,-0.013278388278388231,4.860399999999999e-05,2.2321860243960032e-05,-0.560168366943494,0.0,0.5,1.0,0.0,0,1.0000000036274914e-15,0
2025-10-01,BTCUSDT,5.6040000000000006e-05,0.0,1.0,0.0,21.39,71.1007,-0.020155748969308163,4.8291666666666664e-05,2.214343819240292e-05,0.3499155490673385,0.0,0.5,1.0,0.0,0,1.0000000036274914e-15,0
2025-10-02,BTCUSDT,9.109000000000001e-05,0.0,1.0,0.0,21.31,70.1608,-0.02337305224564623,4.887166666666667e-05,2.3041307579665888e-05,1.832288952671736,0.0,0.5,1.0,0.0,0,1.0000000036274914e-15,0
2025-10-03,BTCUSDT,9.975333333333333e-05,0.0,1.0,0.0,21.39,69.967,-0.016551724137931045,5.128144444444445e-05,2.4461389322222933e-05,1.9815672875478352,0.0,0.5,1.0,0.0,0,1.0000000036274914e-15,0
2025-10-04,BTCUSDT,9.437333333333333e-05,0.0,1.0,0.0,21.37,67.9631,-0.013844023996308241,5.2856777777777774e-05,2.567537055708955e-05,1.6169798002814764,0.0,0.5,1.0,0.0,0,1.0000000036274914e-15,0
2025-10-05,BTCUSDT,9.404666666666667e-05,0.0,1.0,0.0,21.43,66.7239,-0.002327746741154546,5.3169e-05,2.612864720402821e-05,1.5644769645925116,0.0,0.5,1.0,0.0,0,1.0000000036274914e-15,0
2025-10-06,BTCUSDT,7.737e-05,0.0,1.0,0.0,21.44,67.0012,-0.0018621973929235924,5.440722222222222e-05,2.637304150209922e-05,0.8706912995207627,0.0,0.5,1.0,0.0,0,1.0000000036274914e-15,0
2025-10-07,BTCUSDT,8.267333333333333e-05,0.0,1.0,0.0,21.57,65.6924,0.0009280742459396585,5.576855555555556e-05,2.6752928119659405e-05,1.0056760014245612,0.0,0.5,1.0,0.0,0,1.0000000036274914e-15,0
2025-10-08,BTCUSDT,5.9793333333333336e-05,0.0,1.0,0.0,21.27,65.8763,-0.005610098176718092,5.5162e-05,2.6436146023043e-05,0.17518942924949982,0.0,0.5,1.0,0.0,0,1.0000000036274914e-15,0
2025-10-09,BTCUSDT,2.7163333333333335e-05,0.0,1.0,0.0,21.45,67.1152,0.006569685593618146,5.342311111111111e-05,2.650721811524888e-05,-0.9906651714112256,0.0,0.5,1.0,0.0,0,1.0000000036274914e-15,0
2025-10-10,BTCUSDT,1.8923333333333332e-05,0.0,1.0,0.0,21.47,66.6236,0.003740065451145247,5.1739333333333335e-05,2.7053646086802517e-05,-1.212997312625026,0.0,0.5,1.0,0.0,0,1.0000000036274914e-15,0
2025-10-11,BTCUSDT,6.822333333333333e-05,0.0,1.0,0.0,21.55,65.65,0.008423022929340274,5.251877777777778e-05,2.7184547256956473e-05,0.5777015672584649,0.0,0.5,1.0,0.0,0,1.0000000036274914e-15,0
2025-10-12,BTCUSDT,-3.701666666666666e-05,0.0,1.0,0.0,21.6,66.1555,0.00793280447970135,4.941866666666667e-05,3.170295187435735e-05,-2.7264127856575326,0.0,0.5,1.0,0.0,0,1.0000000036274914e-15,0
2025-10-13,BTCUSDT,-1.2426666666666666e-05,0.0,1.0,0.0,21.71,68.9152,0.012593283582089443,4.8578444444444445e-05,3.301437081416748e-05,-1.8478350368843603,0.0,0.5,1.0,0.0,0,1.0000000036274914e-15,0
2025-10-14,BTCUSDT,-2.609e-05,0.0,1.0,0.0,21.75,68.4062,0.008344923504867818,4.592244444444444e-05,3.569368849553477e-05,-2.0175119882455714,0.0,0.5,1.0,0.0,0,1.0000000036274914e-15,0
2025-10-15,BTCUSDT,-4.089999999999999e-06,0.0,1.0,0.0,21.74,66.6371,0.022096850023507253,4.3268888888888886e-05,3.6370378460694145e-05,-1.3021280199234149,0.0,0.5,1.0,0.0,0,1.0000000036274914e-15,0
2025-10-16,BTCUSDT,-2.6583333333333333e-05,0.0,1.0,0.0,21.67,66.2278,0.010256410256410442,4.077611111111111e-05,3.852000255709551e-05,-1.7486874343946954,0.0,0.5,1.0,0.0,0,1.0000000036274914e-15,0
2025-10-17,BTCUSDT,-4.033333333333333e-06,0.0,1.0,0.0,21.62,66.3802,0.006986492780624243,3.822877777777778e-05,3.8882634714775026e-05,-1.0869147993989183,0.0,0.5,1.0,0.0,0,1.0000000036274914e-15,0
2025-10-18,BTCUSDT,-4.958666666666667e-05,0.0,1.0,0.0,21.54,67.5012,-0.00046403712296994026,3.456733333333334e-05,4.179921560062467e-05,-2.013291369006991,0.0,0.5,1.0,0.0,0,1.0000000036274914e-15,0
2025-10-19,BTCUSDT,9.626666666666665e-06,0.0,1.0,0.0,21.54,67.4919,-0.002777777777777879,3.4094666666666664e-05,4.200476196868512e-05,-0.5825053839905362,0.0,0.5,1.0,0.0,0,1.0000000036274914e-15,0
2025-10-20,BTCUSDT,-9.600000000000001e-06,0.0,1.0,0.0,21.51,67.6471,-0.009212344541685846,3.3471999999999994e-05,4.252360794480634e-05,-1.0128961788920978,0.0,0.5,1.0,0.0,0,1.0000000036274914e-15,0
2025-10-21,BTCUSDT,-1.9503333333333334e-05,0.0,1.0,0.0,21.59,66.78,-0.007356321839080415,3.271266666666667e-05,4.32780863239352e-05,-1.2065228487499375,0.0,0.5,1.0,0.0,0,1.0000000036274914e-15,0
2025-10-22,BTCUSDT,1.3116666666666664e-05,0.0,1.0,0.0,21.52,66.4763,-0.010119595216191324,3.167811111111111e-05,4.336604230321943e-05,-0.4280179481138973,0.0,0.5,1.0,0.0,0,1.0000000036274914e-15,0
2025-10-23,BTCUSDT,5.172333333333333e-05,0.0,1.0,0.0,21.39,65.657,-0.012921089063221092,3.099966666666667e-05,4.286858594360811e-05,0.48342314565560457,0.0,0.5,1.0,0.0,0,1.0000000036274914e-15,0
2025-10-24,BTCUSDT,2.7993333333333335e-05,0.0,1.0,0.0,21.34,66.5314,-0.01295097132284928,3.0049777777777777e-05,4.259916076677007e-05,-0.04827429478490086,0.0,0.5,1.0,0.0,0,1.0000000036274914e-15,0
2025-10-25,BTCUSDT,4.024666666666667e-05,0.0,1.0,0.0,21.37,66.725,-0.00789229340761366,3.0161333333333332e-05,4.26220940367381e-05,0.23662219234560103,0.0,0.5,1.0,0.0,0,1.0000000036274914e-15,0
2025-10-26,BTCUSDT,3.1140000000000003e-05,0.0,1.0,0.0,21.45,66.5876,-0.004178272980501441,2.9508333333333333e-05,4.244580299800571e-05,0.03844117795918086,0.0,0.5,1.0,0.0,0,1.0000000036274914e-15,0
2025-10-27,BTCUSDT,9.101333333333334e-05,0.0,1.0,0.0,21.49,66.4844,-0.0009298000929801598,3.129366666666667e-05,4.389323218544906e-05,1.3605666225342183,0.0,0.5,1.0,0.0,0,1.0000000036274914e-15,0
2025-10-28,BTCUSDT,5.6189999999999996e-05,0.0,1.0,0.0,21.52,65.9016,-0.003242241778601218,3.1661e-05,4.405916315991951e-05,0.5567286857212476,0.0,0.5,1.0,0.0,0,1.0000000036274914e-15,0
2025-10-29,BTCUSDT,2.853e-05,0.0,1.0,0.0,21.27,65.7674,-0.011617100371747235,3.220666666666667e-05,4.391043685883822e-05,-0.08373104276977009,0.0,0.5,1.0,0.0,0,1.0000000036274914e-15,0
2025-10-30,BTCUSDT,2.7026666666666667e-05,0.0,1.0,0.0,21.42,66.6936,0.0014025245441795509,3.190422222222222e-05,4.3913943141645604e-05,-0.11107077175517739,0.0,0.5,1.0,0.0,0,1.0000000036274914e-15,0
2025-10-31,BTCUSDT,6.737666666666667e-05,0.0,1.0,0.0,21.51,67.9297,0.007966260543580184,3.2282111111111116e-05,4.4176789119649845e-05,0.7944116413826348,0.0,0.5,1.0,0.0,0,1.0000000036274914e-15,0
2025-11-01,BTCUSDT,9.927333333333334e-05,0.0,1.0,0.0,21.52,68.127,0.007019185774450154,3.255488888888889e-05,4.457589268006525e-05,1.4967382688957693,0.0,0.5,1.0,0.0,0,1.0000000036274914e-15,0
2025-11-02,BTCUSDT,7.328333333333333e-05,0.0,1.0,0.0,21.46,67.8109,0.00046620046620060585,3.167255555555556e-05,4.344759662663546e-05,0.9577233497023486,0.0,0.5,1.0,0.0,0,1.0000000036274914e-15,0
2025-11-03,BTCUSDT,6.0933333333333335e-05,0.0,1.0,0.0,21.52,69.0148,0.0013959981386693077,3.055788888888889e-05,4.2194397019437186e-05,0.719892843366188,0.0,0.5,1.0,0.0,0,1.0000000036274914e-15,0
2025-11-04,BTCUSDT,7.382333333333334e-05,0.0,1.0,0.0,21.51,68.5646,-0.00046468401486976507,2.9883777777777776e-05,4.1297110218988126e-05,1.0639862044233899,0.0,0.5,1.0,0.0,0,1.0000000036274914e-15,0
2025-11-05,BTCUSDT,4.2596666666666665e-05,0.0,1.0,0.0,21.51,69.1658,0.011283497884344351,2.8724666666666666e-05,4.0396508105606774e-05,0.3433960173917769,0.0,0.5,1.0,0.0,0,1.0000000036274914e-15,0
2025-11-06,BTCUSDT,5.465e-05,0.0,1.0,0.0,21.36,66.8697,-0.0028011204481793728,2.779055555555556e-05,3.9418158564104014e-05,0.6813977472023233,0.0,0.5,1.0,0.0,0,1.0000000036274914e-15,0
2025-11-07,BTCUSDT,5.854333333333333e-05,0.0,1.0,0.0,21.31,65.649,-0.009298000929800265,2.774888888888889e-05,3.9383809462327576e-05,0.7819061910174215,0.0,0.5,1.0,0.0,0,1.0000000036274914e-15,0
2025-11-08,BTCUSDT,4.854333333333333e-05,0.0,1.0,0.0,21.26,65.5012,-0.012081784386617,2.8461555555555556e-05,3.956586748104199e-05,0.5075530768382616,0.0,0.5,1.0,0.0,0,1.0000000036274914e-15,0
2025-11-09,BTCUSDT,3.8316666666666665e-05,0.0,1.0,0.0,21.21,66.9536,-0.01164958061509791,2.9108000000000003e-05,3.956308233675167e-05,0.23275908050552416,0.0,0.5,1.0,0.0,0,1.0000000036274914e-15,0
2025-11-10,BTCUSDT,7.068000000000001e-05,0.0,1.0,0.0,21.24,67.2541,-0.013011152416356975,2.9189888888888888e-05,3.964928478898874e-05,1.0464277308385046,0.0,0.5,1.0,0.0,0,1.0000000036274914e-15,0
2025-11-11,BTCUSDT,1.9553333333333335e-05,0.0,1.0,0.0,21.31,66.1153,-0.009298000929800265,3.1075555555555555e-05,3.768873918769409e-05,-0.3057205539522105,0.0,0.5,1.0,0.0,0,1.0000000036274914e-15,0
2025-11-12,BTCUSDT,2.9783333333333333e-05,0.0,1.0,0.0,21.41,66.0395,-0.004649000464900133,3.248255555555556e-05,3.6785786148898754e-05,-0.07337677143276249,0.0,0.5,1.0,0.0,0,1.0000000036274914e-15,0
2025-11-13,BTCUSDT,5.959e-05,0.0,1.0,0.0,21.48,64.9677,0.005617977528090012,3.533855555555556e-05,3.538068585482805e-05,0.6854430279828814,0.0,0.5,1.0,0.0,0,1.0000000036274914e-15,0
2025-11-14,BTCUSDT,8.924333333333333e-05,0.0,1.0,0.0,21.32,65.7856,0.00046926325668716906,3.844966666666667e-05,3.589387553122764e-05,1.4151067811687321,0.0,0.5,1.0,0.0,0,1.0000000036274914e-15,0
2025-11-15,BTCUSDT,8.143333333333334e-05,9291031840.709877,1.0,0.0,21.36,64.8835,0.00470366886171214,4.2050222222222224e-05,3.453739763210134e-05,1.1403033757964973,inf,0.5,1.0,0.0,0,1.0000000036274914e-15,0
2025-11-16,BTCUSDT,8.268333333333333e-05,9292862101.444632,1.0,0.0,21.27,66.0089,0.0028288543140027045,4.494077777777778e-05,3.417441042251667e-05,1.1044098519601062,inf,0.5,1.0,0.0,0,1.0000000036274914e-15,0
2025-11-17,BTCUSDT,8.925333333333334e-05,9300243573.716866,1.0,0.0,21.15,67.6516,-0.004237288135593209,4.9568777777777774e-05,3.0088623586595213e-05,1.318922264467938,inf,0.5,1.0,0.0,0,1.0000000036274914e-15,0
2025-11-18,BTCUSDT,7.908333333333334e-05,9344444517.149616,1.0,0.0,21.06,68.29,-0.011731581417175008,5.1884e-05,2.95771125063703e-05,0.9196074609201679,inf,0.5,1.0,0.0,0,1.0000000036274914e-15,0
2025-11-19,BTCUSDT,5.496e-05,9095863239.581347,1.0,0.0,21.03,68.8932,-0.017748715553479677,5.403600000000001e-05,2.7202692781401532e-05,0.033967225503194726,inf,0.5,1.0,0.0,0,1.0000000036274914e-15,0
2025-11-20,BTCUSDT,7.752666666666667e-05,9171098047.734074,1.0,0.0,20.98,68.7304,-0.02327746741154557,5.727033333333334e-05,2.3700399278042277e-05,0.8546832100039863,inf,0.5,1.0,0.0,0,1.0000000036274914e-15,0
2025-11-21,BTCUSDT,3.812666666666667e-05,8616765578.606092,1.0,0.0,20.98,67.7282,-0.015947467166979368,5.8104e-05,2.2503365681006697e-05,-0.8877486868639658,inf,0.5,1.0,0.0,0,1.0000000036274914e-15,0
2025-11-22,BTCUSDT,4.3883333333333334e-05,8380362261.197588,1.0,0.0,21.05,67.215,-0.014513108614232162,5.784266666666667e-05,2.2625213386092366e-05,-0.6169812896400828,-0.09801597875513357,0.5,1.0,,0,1.0000000036274914e-15,0
