variable,target,lag,pearson_correlation,pearson_pvalue,spearman_correlation,spearman_pvalue,sample_size,pearson_pvalue_fdr,is_significant_fdr,r_squared,coefficient,intercept
exchange_inflow_usd,price_static,0,,,,,274,,False,,,
exchange_inflow_usd,price_static,1,,,,,273,,False,,,
exchange_inflow_usd,price_static,3,,,,,271,,False,,,
exchange_inflow_usd,price_static,7,,,,,267,,False,,,
exchange_inflow_usd,price_static,14,,,,,260,,False,,,
exchange_inflow_usd,price_change_1d,0,,,,,274,,False,,,
exchange_inflow_usd,price_change_1d,1,,,,,273,,False,,,
exchange_inflow_usd,price_change_1d,3,,,,,271,,False,,,
exchange_inflow_usd,price_change_1d,7,,,,,267,,False,,,
exchange_inflow_usd,price_change_1d,14,,,,,260,,False,,,
exchange_inflow_usd,price_change_7d,0,,,,,274,,False,,,
exchange_inflow_usd,price_change_7d,1,,,,,273,,False,,,
exchange_inflow_usd,price_change_7d,3,,,,,271,,False,,,
exchange_inflow_usd,price_change_7d,7,,,,,267,,False,,,
exchange_inflow_usd,price_change_7d,14,,,,,260,,False,,,
exchange_inflow_usd,volatility_1d,0,,,,,274,,False,,,
exchange_inflow_usd,volatility_1d,1,,,,,273,,False,,,
exchange_inflow_usd,volatility_1d,3,,,,,271,,False,,,
exchange_inflow_usd,volatility_1d,7,,,,,267,,False,,,
exchange_inflow_usd,volatility_1d,14,,,,,260,,False,,,
exchange_inflow_usd,volatility_7d,0,,,,,274,,False,,,
exchange_inflow_usd,volatility_7d,1,,,,,273,,False,,,
exchange_inflow_usd,volatility_7d,3,,,,,271,,False,,,
exchange_inflow_usd,volatility_7d,7,,,,,267,,False,,,
exchange_inflow_usd,volatility_7d,14,,,,,260,,False,,,
exchange_inflow_usd,price_direction_1d,0,,,,,274,,False,,,
exchange_inflow_usd,price_direction_1d,1,,,,,273,,False,,,
exchange_inflow_usd,price_direction_1d,3,,,,,271,,False,,,
exchange_inflow_usd,price_direction_1d,7,,,,,267,,False,,,
exchange_inflow_usd,price_direction_1d,14,,,,,260,,False,,,
exchange_inflow_usd,price_direction_7d,0,,,,,274,,False,,,
exchange_inflow_usd,price_direction_7d,1,,,,,273,,False,,,
exchange_inflow_usd,price_direction_7d,3,,,,,271,,False,,,
exchange_inflow_usd,price_direction_7d,7,,,,,267,,False,,,
exchange_inflow_usd,price_direction_7d,14,,,,,260,,False,,,
exchange_inflow_usd,price_range,0,,,,,274,,False,,,
exchange_inflow_usd,price_range,1,,,,,273,,False,,,
exchange_inflow_usd,price_range,3,,,,,271,,False,,,
exchange_inflow_usd,price_range,7,,,,,267,,False,,,
exchange_inflow_usd,price_range,14,,,,,260,,False,,,
exchange_outflow_usd,price_static,0,,,,,274,,False,,,
exchange_outflow_usd,price_static,1,,,,,273,,False,,,
exchange_outflow_usd,price_static,3,,,,,271,,False,,,
exchange_outflow_usd,price_static,7,,,,,267,,False,,,
exchange_outflow_usd,price_static,14,,,,,260,,False,,,
exchange_outflow_usd,price_change_1d,0,,,,,274,,False,,,
exchange_outflow_usd,price_change_1d,1,,,,,273,,False,,,
exchange_outflow_usd,price_change_1d,3,,,,,271,,False,,,
exchange_outflow_usd,price_change_1d,7,,,,,267,,False,,,
exchange_outflow_usd,price_change_1d,14,,,,,260,,False,,,
exchange_outflow_usd,price_change_7d,0,,,,,274,,False,,,
exchange_outflow_usd,price_change_7d,1,,,,,273,,False,,,
exchange_outflow_usd,price_change_7d,3,,,,,271,,False,,,
exchange_outflow_usd,price_change_7d,7,,,,,267,,False,,,
exchange_outflow_usd,price_change_7d,14,,,,,260,,False,,,
exchange_outflow_usd,volatility_1d,0,,,,,274,,False,,,
exchange_outflow_usd,volatility_1d,1,,,,,273,,False,,,
exchange_outflow_usd,volatility_1d,3,,,,,271,,False,,,
exchange_outflow_usd,volatility_1d,7,,,,,267,,False,,,
exchange_outflow_usd,volatility_1d,14,,,,,260,,False,,,
exchange_outflow_usd,volatility_7d,0,,,,,274,,False,,,
exchange_outflow_usd,volatility_7d,1,,,,,273,,False,,,
exchange_outflow_usd,volatility_7d,3,,,,,271,,False,,,
exchange_outflow_usd,volatility_7d,7,,,,,267,,False,,,
exchange_outflow_usd,volatility_7d,14,,,,,260,,False,,,
exchange_outflow_usd,price_direction_1d,0,,,,,274,,False,,,
exchange_outflow_usd,price_direction_1d,1,,,,,273,,False,,,
exchange_outflow_usd,price_direction_1d,3,,,,,271,,False,,,
exchange_outflow_usd,price_direction_1d,7,,,,,267,,False,,,
exchange_outflow_usd,price_direction_1d,14,,,,,260,,False,,,
exchange_outflow_usd,price_direction_7d,0,,,,,274,,False,,,
exchange_outflow_usd,price_direction_7d,1,,,,,273,,False,,,
exchange_outflow_usd,price_direction_7d,3,,,,,271,,False,,,
exchange_outflow_usd,price_direction_7d,7,,,,,267,,False,,,
exchange_outflow_usd,price_direction_7d,14,,,,,260,,False,,,
exchange_outflow_usd,price_range,0,,,,,274,,False,,,
exchange_outflow_usd,price_range,1,,,,,273,,False,,,
exchange_outflow_usd,price_range,3,,,,,271,,False,,,
exchange_outflow_usd,price_range,7,,,,,267,,False,,,
exchange_outflow_usd,price_range,14,,,,,260,,False,,,
net_flow_usd,price_static,0,,,,,274,,False,,,
net_flow_usd,price_static,1,,,,,273,,False,,,
net_flow_usd,price_static,3,,,,,271,,False,,,
net_flow_usd,price_static,7,,,,,267,,False,,,
net_flow_usd,price_static,14,,,,,260,,False,,,
net_flow_usd,price_change_1d,0,,,,,274,,False,,,
net_flow_usd,price_change_1d,1,,,,,273,,False,,,
net_flow_usd,price_change_1d,3,,,,,271,,False,,,
net_flow_usd,price_change_1d,7,,,,,267,,False,,,
net_flow_usd,price_change_1d,14,,,,,260,,False,,,
net_flow_usd,price_change_7d,0,,,,,274,,False,,,
net_flow_usd,price_change_7d,1,,,,,273,,False,,,
net_flow_usd,price_change_7d,3,,,,,271,,False,,,
net_flow_usd,price_change_7d,7,,,,,267,,False,,,
net_flow_usd,price_change_7d,14,,,,,260,,False,,,
net_flow_usd,volatility_1d,0,,,,,274,,False,,,
net_flow_usd,volatility_1d,1,,,,,273,,False,,,
net_flow_usd,volatility_1d,3,,,,,271,,False,,,
net_flow_usd,volatility_1d,7,,,,,267,,False,,,
net_flow_usd,volatility_1d,14,,,,,260,,False,,,
net_flow_usd,volatility_7d,0,,,,,274,,False,,,
net_flow_usd,volatility_7d,1,,,,,273,,False,,,
net_flow_usd,volatility_7d,3,,,,,271,,False,,,
net_flow_usd,volatility_7d,7,,,,,267,,False,,,
net_flow_usd,volatility_7d,14,,,,,260,,False,,,
net_flow_usd,price_direction_1d,0,,,,,274,,False,,,
net_flow_usd,price_direction_1d,1,,,,,273,,False,,,
net_flow_usd,price_direction_1d,3,,,,,271,,False,,,
net_flow_usd,price_direction_1d,7,,,,,267,,False,,,
net_flow_usd,price_direction_1d,14,,,,,260,,False,,,
net_flow_usd,price_direction_7d,0,,,,,274,,False,,,
net_flow_usd,price_direction_7d,1,,,,,273,,False,,,
net_flow_usd,price_direction_7d,3,,,,,271,,False,,,
net_flow_usd,price_direction_7d,7,,,,,267,,False,,,
net_flow_usd,price_direction_7d,14,,,,,260,,False,,,
net_flow_usd,price_range,0,,,,,274,,False,,,
net_flow_usd,price_range,1,,,,,273,,False,,,
net_flow_usd,price_range,3,,,,,271,,False,,,
net_flow_usd,price_range,7,,,,,267,,False,,,
net_flow_usd,price_range,14,,,,,260,,False,,,
whale_to_whale_usd,price_static,0,0.02951665769061718,0.6266410710893369,0.030924634307710457,0.6102788150554571,274,0.6266410710893369,False,,,
whale_to_whale_usd,price_static,1,0.03192233723341243,0.599473844404267,0.04143501273007168,0.49538420619226564,273,0.599473844404267,False,,,
whale_to_whale_usd,price_static,3,0.013285631821150405,0.827656818462605,0.025818309059639208,0.672201186666401,271,0.827656818462605,False,,,
whale_to_whale_usd,price_static,7,-0.009678299131356788,0.8749245543508177,-0.03777340313261847,0.5388545849642996,267,0.8749245543508177,False,,,
whale_to_whale_usd,price_static,14,,,,,260,,False,,,
whale_to_whale_usd,price_change_1d,0,0.01183405244069434,0.8453931676614217,0.05303598523256202,0.38184386923538716,274,0.8453931676614217,False,,,
whale_to_whale_usd,price_change_1d,1,0.010615497975957617,0.8613963566689355,0.027787053444017426,0.647599801584482,273,0.8613963566689355,False,,,
whale_to_whale_usd,price_change_1d,3,-0.13560983220892162,0.025587026012560243,-0.13834025903506111,0.022738241305285598,271,0.025587026012560243,True,0.018390026591731723,-1.0462416224076987e-09,0.0003060838543677781
whale_to_whale_usd,price_change_1d,7,0.06692838675209431,0.2758408476911001,0.024594082102216717,0.6891228924147039,267,0.2758408476911001,False,,,
whale_to_whale_usd,price_change_1d,14,,,,,260,,False,,,
whale_to_whale_usd,price_change_7d,0,-0.06822084796408673,0.2604174456207812,-0.11382093365494632,0.05989340459249684,274,0.2604174456207812,False,,,
whale_to_whale_usd,price_change_7d,1,-0.08418042473846636,0.1654509496085946,-0.11775258026499122,0.05196410703090092,273,0.1654509496085946,False,,,
whale_to_whale_usd,price_change_7d,3,-0.007362993170212116,0.9039670576865906,-0.06432614620152075,0.29136113855083773,271,0.9039670576865906,False,,,
whale_to_whale_usd,price_change_7d,7,-0.0790230464410834,0.19802360428282512,-0.1262082513920311,0.039319096728638266,267,0.19802360428282512,False,,,
whale_to_whale_usd,price_change_7d,14,,,,,260,,False,,,
whale_to_whale_usd,volatility_1d,0,-0.02510464627304824,0.6790782415382468,-0.03519774140242991,0.5618185075821541,274,0.6790782415382468,False,,,
whale_to_whale_usd,volatility_1d,1,-0.02220801028317521,0.7148890109552063,-0.022332661289321664,0.7133588334001968,273,0.7148890109552063,False,,,
whale_to_whale_usd,volatility_1d,3,0.041627345225952475,0.494985506678169,0.0607348470679887,0.3191917952760866,271,0.494985506678169,False,,,
whale_to_whale_usd,volatility_1d,7,0.015071582397985662,0.8063556497511462,0.08442026328186232,0.16900036336786775,267,0.8063556497511462,False,,,
whale_to_whale_usd,volatility_1d,14,,,,,260,,False,,,
whale_to_whale_usd,volatility_7d,0,0.046965846130070314,0.4387555524013551,0.10030327588725278,0.09753862972203957,274,0.4387555524013551,False,,,
whale_to_whale_usd,volatility_7d,1,0.043532979599185354,0.47379244811401605,0.10299856927553232,0.08940830488091073,273,0.47379244811401605,False,,,
whale_to_whale_usd,volatility_7d,3,0.046339011229154334,0.44742286388009317,0.10910960572510098,0.07293685969402043,271,0.44742286388009317,False,,,
whale_to_whale_usd,volatility_7d,7,0.03826064440239566,0.5336270541994227,0.08794516176372827,0.15183735793264289,267,0.5336270541994227,False,,,
whale_to_whale_usd,volatility_7d,14,,,,,260,,False,,,
whale_to_whale_usd,price_direction_1d,0,0.06017536378207016,0.32099004565553607,0.08512508198315509,0.15996751786659222,274,0.32099004565553607,False,,,
whale_to_whale_usd,price_direction_1d,1,0.06050550144623181,0.31923037640498253,0.08559267272805333,0.15844422321451376,273,0.31923037640498253,False,,,
whale_to_whale_usd,price_direction_1d,3,-0.060727543276332716,0.31925010292022293,-0.08590794079675637,0.1584527080058524,271,0.31925010292022293,False,,,
whale_to_whale_usd,price_direction_1d,7,0.061450231829908955,0.317146128383879,0.0006507448985966043,0.9915558488506246,267,0.317146128383879,False,,,
whale_to_whale_usd,price_direction_1d,14,,,,,260,,False,,,
whale_to_whale_usd,price_direction_7d,0,-0.06473814581855696,0.28559787361358996,-0.0915796702152072,0.13049255959844272,274,0.28559787361358996,False,,,
whale_to_whale_usd,price_direction_7d,1,-0.06463454713379692,0.2872603339020511,-0.09143372928931495,0.1318210328754455,273,0.2872603339020511,False,,,
whale_to_whale_usd,price_direction_7d,3,-0.06490343280592224,0.28704362271213957,-0.0918153437827353,0.1316387482445463,271,0.28704362271213957,False,,,
whale_to_whale_usd,price_direction_7d,7,-0.06594571164552299,0.28296823653523495,-0.09329237902189819,0.1283662965446491,267,0.28296823653523495,False,,,
whale_to_whale_usd,price_direction_7d,14,,,,,260,,False,,,
whale_to_whale_usd,price_range,0,-0.020098851399328647,0.740487615756264,0.041544096754216955,0.49345178905506903,274,0.740487615756264,False,,,
whale_to_whale_usd,price_range,1,-0.06508382097899065,0.283916136482688,-0.07380998461167726,0.22413577817704805,273,0.283916136482688,False,,,
whale_to_whale_usd,price_range,3,0.04861080081912967,0.4254469075801682,-0.0018261532400406432,0.9761281896495806,271,0.4254469075801682,False,,,
whale_to_whale_usd,price_range,7,-0.041540950559571306,0.49910931200268277,0.004187663825162888,0.9457010585129,267,0.49910931200268277,False,,,
whale_to_whale_usd,price_range,14,,,,,260,,False,,,
active_addresses,price_static,0,0.13464878977577097,0.02582695657390714,0.32522747962010545,3.601389480317024e-08,274,0.02582695657390714,True,0.018130296588079964,107.77130077273551,103160.88311732127
active_addresses,price_static,1,0.142155762430266,0.018775026537431738,0.3358103111600177,1.2771337405780635e-08,273,0.018775026537431738,True,0.020208260792130006,113.6153320856581,103156.64764776523
active_addresses,price_static,3,0.11949375206741132,0.04940625234226733,0.3439470496926634,6.090153375503813e-09,271,0.04940625234226733,True,0.01427875678314805,95.39080746673204,103346.83424138108
active_addresses,price_static,7,0.11834291299176364,0.053426316488156385,0.3282105705339919,4.003604306583563e-08,267,0.053426316488156385,False,,,
active_addresses,price_static,14,0.08395223378536845,0.17716033932331451,0.2676542044571538,1.213853262045315e-05,260,0.17716033932331451,False,,,
active_addresses,price_change_1d,0,0.041415887214760805,0.494787710755612,0.06381706814565657,0.29252231824318836,274,0.494787710755612,False,,,
active_addresses,price_change_1d,1,-0.02450446303560809,0.6868872036441938,0.03701928442430475,0.5424838606043695,273,0.6868872036441938,False,,,
active_addresses,price_change_1d,3,-0.0329945279309895,0.5886488373445785,0.00689274723122649,0.9100735361631185,271,0.5886488373445785,False,,,
active_addresses,price_change_1d,7,-0.0412775879560471,0.501836377300082,0.01741061185336735,0.7770400540041636,267,0.501836377300082,False,,,
active_addresses,price_change_1d,14,-0.04742391703972813,0.4463992717050493,-0.04370212936737072,0.482918938278585,260,0.4463992717050493,False,,,
active_addresses,price_change_7d,0,-0.01708326674891775,0.7783222018978936,0.06490212128354282,0.2843767951641575,274,0.7783222018978936,False,,,
active_addresses,price_change_7d,1,-0.07070835352050266,0.2442655664913499,0.010386722880351706,0.8643543068693035,273,0.2442655664913499,False,,,
active_addresses,price_change_7d,3,-0.023450653854639503,0.7007450685875647,-0.10726281175476335,0.07795186273425243,271,0.7007450685875647,False,,,
active_addresses,price_change_7d,7,-0.002174262490751154,0.9717918064515182,-0.11018471985361698,0.0722621927791333,267,0.9717918064515182,False,,,
active_addresses,price_change_7d,14,-0.15394802907191757,0.012947527767015493,-0.15248128030008365,0.013845417775041073,260,0.012947527767015493,True,0.023699995655128037,-0.0005424670324336719,0.0026220501239009398
active_addresses,volatility_1d,0,0.009162533881162517,0.8799940771436873,-0.05410503061704958,0.3723088255989805,274,0.8799940771436873,False,,,
active_addresses,volatility_1d,1,-0.01689254076268464,0.7811277156589704,-0.05718771603866852,0.3465351791233111,273,0.7811277156589704,False,,,
active_addresses,volatility_1d,3,-0.07678904846418443,0.20762409690647785,-0.06678668190384093,0.27325860343675157,271,0.20762409690647785,False,,,
active_addresses,volatility_1d,7,-0.06294731734911739,0.30547717555485593,-0.05593233999168082,0.3626290791787018,267,0.30547717555485593,False,,,
active_addresses,volatility_1d,14,-0.10181456724686866,0.10140926087795332,-0.10948580748807206,0.078035434221587,260,0.10140926087795332,False,,,
active_addresses,volatility_7d,0,-0.10187618979462187,0.09237061004576978,-0.12618237948070452,0.036843683087045546,274,0.09237061004576978,False,,,
active_addresses,volatility_7d,1,-0.09525217252579728,0.1163744271585944,-0.13233303992162798,0.028808942646396513,273,0.1163744271585944,False,,,
active_addresses,volatility_7d,3,-0.023695531182322663,0.6977724858657884,-0.07097247927978756,0.2442526964437309,271,0.6977724858657884,False,,,
active_addresses,volatility_7d,7,-0.012293645021873667,0.8415236817546743,-0.08022702536835831,0.19125436174745242,267,0.8415236817546743,False,,,
active_addresses,volatility_7d,14,-0.07987671916136345,0.19920503478249918,-0.08689975087614762,0.16238077067427492,260,0.19920503478249918,False,,,
active_addresses,price_direction_1d,0,-0.04520306567220203,0.4561482961161352,0.026857162158103978,0.6580459723416926,274,0.4561482961161352,False,,,
active_addresses,price_direction_1d,1,-0.009670101532814772,0.8736319268521208,0.02178185142519163,0.7201289870308856,273,0.8736319268521208,False,,,
active_addresses,price_direction_1d,3,-0.045980071104402685,0.4509528089431968,-0.021477412763050912,0.7248614024514963,271,0.4509528089431968,False,,,
active_addresses,price_direction_1d,7,-0.002174674034659224,0.971786469424126,0.02851227269844872,0.6427890227804116,267,0.971786469424126,False,,,
active_addresses,price_direction_1d,14,-0.11556621601813113,0.06278520431223596,-0.10602431604792197,0.08797727362982442,260,0.06278520431223596,False,,,
active_addresses,price_direction_7d,0,-0.07692265629095478,0.20431376156366615,0.032250695383105134,0.5950434192602678,274,0.20431376156366615,False,,,
active_addresses,price_direction_7d,1,-0.06014075441780023,0.32216175344857473,0.012443956349968102,0.8378280775191538,273,0.32216175344857473,False,,,
active_addresses,price_direction_7d,3,-0.041327888207565604,0.49809661747300416,-0.10334213954168282,0.0895244680593969,271,0.49809661747300416,False,,,
active_addresses,price_direction_7d,7,0.01019337578448208,0.8683269582823655,-0.04302465975696,0.4838932486513129,267,0.8683269582823655,False,,,
active_addresses,price_direction_7d,14,-0.09267548770539735,0.13613060594267862,-0.16465839796687917,0.007804160475318347,260,0.13613060594267862,False,,,
active_addresses,price_range,0,-8.590677653450797e-05,0.9988705874069947,0.09988571071176851,0.09894851120640218,274,0.9988705874069947,False,,,
active_addresses,price_range,1,-0.022235807417489616,0.7145476828527212,-0.014684800683652504,0.8091424703224537,273,0.7145476828527212,False,,,
active_addresses,price_range,3,-0.03668379245654237,0.5476385480913937,-0.0306491758743796,0.6154319364583039,271,0.5476385480913937,False,,,
active_addresses,price_range,7,-0.014998803966245467,0.8072723860810034,-0.05525021495038929,0.3685209369082113,267,0.8072723860810034,False,,,
active_addresses,price_range,14,-0.024814859426608268,0.6904378313234869,-0.05559469269707287,0.3719595557899883,260,0.6904378313234869,False,,,
large_tx_count,price_static,0,,,,,274,,False,,,
large_tx_count,price_static,1,,,,,273,,False,,,
large_tx_count,price_static,3,,,,,271,,False,,,
large_tx_count,price_static,7,,,,,267,,False,,,
large_tx_count,price_static,14,,,,,260,,False,,,
large_tx_count,price_change_1d,0,,,,,274,,False,,,
large_tx_count,price_change_1d,1,,,,,273,,False,,,
large_tx_count,price_change_1d,3,,,,,271,,False,,,
large_tx_count,price_change_1d,7,,,,,267,,False,,,
large_tx_count,price_change_1d,14,,,,,260,,False,,,
large_tx_count,price_change_7d,0,,,,,274,,False,,,
large_tx_count,price_change_7d,1,,,,,273,,False,,,
large_tx_count,price_change_7d,3,,,,,271,,False,,,
large_tx_count,price_change_7d,7,,,,,267,,False,,,
large_tx_count,price_change_7d,14,,,,,260,,False,,,
large_tx_count,volatility_1d,0,,,,,274,,False,,,
large_tx_count,volatility_1d,1,,,,,273,,False,,,
large_tx_count,volatility_1d,3,,,,,271,,False,,,
large_tx_count,volatility_1d,7,,,,,267,,False,,,
large_tx_count,volatility_1d,14,,,,,260,,False,,,
large_tx_count,volatility_7d,0,,,,,274,,False,,,
large_tx_count,volatility_7d,1,,,,,273,,False,,,
large_tx_count,volatility_7d,3,,,,,271,,False,,,
large_tx_count,volatility_7d,7,,,,,267,,False,,,
large_tx_count,volatility_7d,14,,,,,260,,False,,,
large_tx_count,price_direction_1d,0,,,,,274,,False,,,
large_tx_count,price_direction_1d,1,,,,,273,,False,,,
large_tx_count,price_direction_1d,3,,,,,271,,False,,,
large_tx_count,price_direction_1d,7,,,,,267,,False,,,
large_tx_count,price_direction_1d,14,,,,,260,,False,,,
large_tx_count,price_direction_7d,0,,,,,274,,False,,,
large_tx_count,price_direction_7d,1,,,,,273,,False,,,
large_tx_count,price_direction_7d,3,,,,,271,,False,,,
large_tx_count,price_direction_7d,7,,,,,267,,False,,,
large_tx_count,price_direction_7d,14,,,,,260,,False,,,
large_tx_count,price_range,0,,,,,274,,False,,,
large_tx_count,price_range,1,,,,,273,,False,,,
large_tx_count,price_range,3,,,,,271,,False,,,
large_tx_count,price_range,7,,,,,267,,False,,,
large_tx_count,price_range,14,,,,,260,,False,,,
avg_tx_size_usd,price_static,0,0.02949335862481693,0.6269134050194902,0.030924634307710457,0.6102788150554571,274,0.6269134050194902,False,,,
avg_tx_size_usd,price_static,1,0.03189237072772103,0.5998167394515765,0.04143501273007168,0.49538420619226564,273,0.5998167394515765,False,,,
avg_tx_size_usd,price_static,3,0.013251008839652963,0.8280989679823888,0.025818309059639208,0.672201186666401,271,0.8280989679823888,False,,,
avg_tx_size_usd,price_static,7,-0.009673901014189934,0.8749809275685863,-0.03777340313261847,0.5388545849642996,267,0.8749809275685863,False,,,
avg_tx_size_usd,price_static,14,,,,,260,,False,,,
avg_tx_size_usd,price_change_1d,0,0.011800752704254767,0.8458227811037885,0.05303598523256202,0.38184386923538716,274,0.8458227811037885,False,,,
avg_tx_size_usd,price_change_1d,1,0.010603370478264339,0.8615531111513678,0.027787053444017426,0.647599801584482,273,0.8615531111513678,False,,,
avg_tx_size_usd,price_change_1d,3,-0.1355057897829683,0.025701394904852518,-0.13834025903506111,0.022738241305285598,271,0.025701394904852518,True,0.01836181906470591,-2.8655402883269466e-06,0.00030576637343067436
avg_tx_size_usd,price_change_1d,7,0.06695759381821507,0.27563088768013994,0.024594082102216717,0.6891228924147039,267,0.27563088768013994,False,,,
avg_tx_size_usd,price_change_1d,14,,,,,260,,False,,,
avg_tx_size_usd,price_change_7d,0,-0.06814265313006358,0.2609654862885878,-0.11382093365494632,0.05989340459249684,274,0.2609654862885878,False,,,
avg_tx_size_usd,price_change_7d,1,-0.0841107443210924,0.16580257029093892,-0.11775258026499122,0.05196410703090092,273,0.16580257029093892,False,,,
avg_tx_size_usd,price_change_7d,3,-0.007298717874445303,0.9048013931913071,-0.06432614620152075,0.29136113855083773,271,0.9048013931913071,False,,,
avg_tx_size_usd,price_change_7d,7,-0.07891952293455,0.19861368894751882,-0.1262082513920311,0.039319096728638266,267,0.19861368894751882,False,,,
avg_tx_size_usd,price_change_7d,14,,,,,260,,False,,,
avg_tx_size_usd,volatility_1d,0,-0.02507232937493528,0.6794684888638706,-0.03519774140242991,0.5618185075821541,274,0.6794684888638706,False,,,
avg_tx_size_usd,volatility_1d,1,-0.022182262846353405,0.7152052208952573,-0.022332661289321664,0.7133588334001968,273,0.7152052208952573,False,,,
avg_tx_size_usd,volatility_1d,3,0.041628663528992436,0.4949718334644781,0.0607348470679887,0.3191917952760866,271,0.4949718334644781,False,,,
avg_tx_size_usd,volatility_1d,7,0.0150115379656899,0.8071119662269772,0.08442026328186232,0.16900036336786775,267,0.8071119662269772,False,,,
avg_tx_size_usd,volatility_1d,14,,,,,260,,False,,,
avg_tx_size_usd,volatility_7d,0,0.04692507268367465,0.4391535197594117,0.10030327588725278,0.09753862972203957,274,0.4391535197594117,False,,,
avg_tx_size_usd,volatility_7d,1,0.04348516620213059,0.47427873381202057,0.10299856927553232,0.08940830488091073,273,0.47427873381202057,False,,,
avg_tx_size_usd,volatility_7d,3,0.04627815951077854,0.44802019932715437,0.10910960572510098,0.07293685969402043,271,0.44802019932715437,False,,,
avg_tx_size_usd,volatility_7d,7,0.03823088459665802,0.5339456100814302,0.08794516176372827,0.15183735793264289,267,0.5339456100814302,False,,,
avg_tx_size_usd,volatility_7d,14,,,,,260,,False,,,
avg_tx_size_usd,price_direction_1d,0,0.06011396760717358,0.3214849211902836,0.08512508198315509,0.15996751786659222,274,0.3214849211902836,False,,,
avg_tx_size_usd,price_direction_1d,1,0.0604437676063757,0.31972529100428426,0.08559267272805333,0.15844422321451376,273,0.31972529100428426,False,,,
avg_tx_size_usd,price_direction_1d,3,-0.060665581203105765,0.3197450374826018,-0.08590794079675637,0.1584527080058524,271,0.3197450374826018,False,,,
avg_tx_size_usd,price_direction_1d,7,0.06151231696881432,0.3166565072170372,0.0006507448985966043,0.9915558488506246,267,0.3166565072170372,False,,,
avg_tx_size_usd,price_direction_1d,14,,,,,260,,False,,,
avg_tx_size_usd,price_direction_7d,0,-0.06467209429392387,0.2860907348051159,-0.0915796702152072,0.13049255959844272,274,0.2860907348051159,False,,,
avg_tx_size_usd,price_direction_7d,1,-0.06456860042338955,0.2877534282969413,-0.09143372928931495,0.1318210328754455,273,0.2877534282969413,False,,,
avg_tx_size_usd,price_direction_7d,3,-0.06483720995152643,0.28753670992704505,-0.0918153437827353,0.1316387482445463,271,0.28753670992704505,False,,,
avg_tx_size_usd,price_direction_7d,7,-0.06587842158432552,0.2834607931912366,-0.09329237902189819,0.1283662965446491,267,0.2834607931912366,False,,,
avg_tx_size_usd,price_direction_7d,14,,,,,260,,False,,,
avg_tx_size_usd,price_range,0,-0.02014196313277273,0.739950978416107,0.041544096754216955,0.49345178905506903,274,0.739950978416107,False,,,
avg_tx_size_usd,price_range,1,-0.06506313435266471,0.2840695405927172,-0.07380998461167726,0.22413577817704805,273,0.2840695405927172,False,,,
avg_tx_size_usd,price_range,3,0.04866139822918552,0.4249647017791084,-0.0018261532400406432,0.9761281896495806,271,0.4249647017791084,False,,,
avg_tx_size_usd,price_range,7,-0.041578624749263327,0.4987198446199741,0.004187663825162888,0.9457010585129,267,0.4987198446199741,False,,,
avg_tx_size_usd,price_range,14,,,,,260,,False,,,
large_tx_count,price_static,0,,,,,274,,False,,,
large_tx_count,price_static,1,,,,,273,,False,,,
large_tx_count,price_static,3,,,,,271,,False,,,
large_tx_count,price_static,7,,,,,267,,False,,,
large_tx_count,price_static,14,,,,,260,,False,,,
large_tx_count,price_change_1d,0,,,,,274,,False,,,
large_tx_count,price_change_1d,1,,,,,273,,False,,,
large_tx_count,price_change_1d,3,,,,,271,,False,,,
large_tx_count,price_change_1d,7,,,,,267,,False,,,
large_tx_count,price_change_1d,14,,,,,260,,False,,,
large_tx_count,price_change_7d,0,,,,,274,,False,,,
large_tx_count,price_change_7d,1,,,,,273,,False,,,
large_tx_count,price_change_7d,3,,,,,271,,False,,,
large_tx_count,price_change_7d,7,,,,,267,,False,,,
large_tx_count,price_change_7d,14,,,,,260,,False,,,
large_tx_count,volatility_1d,0,,,,,274,,False,,,
large_tx_count,volatility_1d,1,,,,,273,,False,,,
large_tx_count,volatility_1d,3,,,,,271,,False,,,
large_tx_count,volatility_1d,7,,,,,267,,False,,,
large_tx_count,volatility_1d,14,,,,,260,,False,,,
large_tx_count,volatility_7d,0,,,,,274,,False,,,
large_tx_count,volatility_7d,1,,,,,273,,False,,,
large_tx_count,volatility_7d,3,,,,,271,,False,,,
large_tx_count,volatility_7d,7,,,,,267,,False,,,
large_tx_count,volatility_7d,14,,,,,260,,False,,,
large_tx_count,price_direction_1d,0,,,,,274,,False,,,
large_tx_count,price_direction_1d,1,,,,,273,,False,,,
large_tx_count,price_direction_1d,3,,,,,271,,False,,,
large_tx_count,price_direction_1d,7,,,,,267,,False,,,
large_tx_count,price_direction_1d,14,,,,,260,,False,,,
large_tx_count,price_direction_7d,0,,,,,274,,False,,,
large_tx_count,price_direction_7d,1,,,,,273,,False,,,
large_tx_count,price_direction_7d,3,,,,,271,,False,,,
large_tx_count,price_direction_7d,7,,,,,267,,False,,,
large_tx_count,price_direction_7d,14,,,,,260,,False,,,
large_tx_count,price_range,0,,,,,274,,False,,,
large_tx_count,price_range,1,,,,,273,,False,,,
large_tx_count,price_range,3,,,,,271,,False,,,
large_tx_count,price_range,7,,,,,267,,False,,,
large_tx_count,price_range,14,,,,,260,,False,,,
avg_funding_rate,price_static,0,0.3239098042512566,4.117142128731446e-08,0.30133450171789156,3.699046327115767e-07,274,4.117142128731446e-08,True,0.10491756129008756,103332674.42491248,99232.22082506413
avg_funding_rate,price_static,1,0.30869541652244165,1.9425886493505746e-07,0.2857363046365026,1.587287808472557e-06,273,1.9425886493505746e-07,True,0.09529286018196348,98322100.05522017,99498.89296518188
avg_funding_rate,price_static,3,0.2844703292724357,1.9356109242327926e-06,0.2610389994030951,1.3423153504285895e-05,271,1.9356109242327926e-06,True,0.08092336823636814,90613836.66561386,99913.88885387639
avg_funding_rate,price_static,7,0.23797186756524946,8.608071235873686e-05,0.2133733624441996,0.0004469165023202803,267,8.608071235873686e-05,True,0.056630609752492345,75797037.23831575,100699.44162499874
avg_funding_rate,price_static,14,0.16727659511545317,0.006864827805999762,0.133925143004557,0.030865125676222637,260,0.006864827805999762,True,0.027981459273419218,53924166.80681331,101918.76995291075
avg_funding_rate,price_change_1d,0,-0.016484529963244066,0.7858999712812202,-0.007924615430948391,0.8961090783669621,274,0.7858999712812202,False,,,
avg_funding_rate,price_change_1d,1,-0.019662560188894194,0.7463776394638336,-0.021019264176408627,0.7295381926754533,273,0.7463776394638336,False,,,
avg_funding_rate,price_change_1d,3,-0.022132937014468067,0.7168182504013548,-0.037432644028658375,0.5394890737907787,271,0.7168182504013548,False,,,
avg_funding_rate,price_change_1d,7,-0.07006943316499371,0.2538802933216672,-0.10207913636152238,0.09601020287826767,267,0.2538802933216672,False,,,
avg_funding_rate,price_change_1d,14,0.033120650578765384,0.5949843172812325,0.015180372427319504,0.8075322869112607,260,0.5949843172812325,False,,,
avg_funding_rate,price_change_7d,0,-0.10561645557707003,0.08095787105337442,-0.1378567186451465,0.022465110618081114,274,0.08095787105337442,False,,,
avg_funding_rate,price_change_7d,1,-0.1384120775363539,0.022168382065008777,-0.1587862422745638,0.008582887589664183,273,0.022168382065008777,True,0.01915790320792954,-195.329780145635,0.009563237889317946
avg_funding_rate,price_change_7d,3,-0.15713765182227066,0.009570556383444145,-0.19207545686361063,0.001488181981037527,271,0.009570556383444145,True,0.02469224162021688,-221.85846396732805,0.010925548027533255
avg_funding_rate,price_change_7d,7,-0.11094128927542475,0.07031420277740205,-0.13699064087782842,0.025188021955105774,267,0.07031420277740205,False,,,
avg_funding_rate,price_change_7d,14,0.06605646838979332,0.2886191042231419,0.05442863101450936,0.3820884947231782,260,0.2886191042231419,False,,,
avg_funding_rate,volatility_1d,0,-0.19983871881547224,0.000879715212835754,-0.12649283821856122,0.036378652612576105,274,0.000879715212835754,True,0.03993551353780955,-59.509105586703846,0.022315030042391687
avg_funding_rate,volatility_1d,1,-0.2027181926414848,0.0007540479289564404,-0.1190808262693807,0.049355323027185004,273,0.0007540479289564404,True,0.04109466562783004,-60.333442446087794,0.022378181399286712
avg_funding_rate,volatility_1d,3,-0.12654579886423278,0.0373466444437394,-0.13285430591269795,0.028768054940944886,271,0.0373466444437394,True,0.016013839210186953,-37.70408076448998,0.021378859737399673
avg_funding_rate,volatility_1d,7,-0.1414870505545046,0.02073821577816891,-0.12756034411664935,0.03724293220522522,267,0.02073821577816891,True,0.020018585474612993,-41.94025196814176,0.02151195519029798
avg_funding_rate,volatility_1d,14,-0.10127548673401807,0.10324074034138865,-0.11782201391206204,0.05779067988400962,260,0.10324074034138865,False,,,
avg_funding_rate,volatility_7d,0,-0.12634282049662732,0.036602736579532266,-0.11601359046912194,0.05510229110119051,274,0.036602736579532266,True,0.015962508291043065,-34.65422491771271,0.021774516116168874
avg_funding_rate,volatility_7d,1,-0.12342212450325948,0.041579103704327804,-0.11164048848667996,0.06548952800442248,273,0.041579103704327804,True,0.015233020816898035,-33.8316599505429,0.021761138427923647
avg_funding_rate,volatility_7d,3,-0.09837121189251156,0.10613097651125633,-0.05515900458820161,0.36571793838253575,271,0.10613097651125633,False,,,
avg_funding_rate,volatility_7d,7,-0.06069832020720159,0.3231150878388059,-0.03197623195574095,0.6029398281290423,267,0.3231150878388059,False,,,
avg_funding_rate,volatility_7d,14,-0.1453676208318806,0.019018973160288673,-0.165079116829519,0.007645894538325131,260,0.019018973160288673,True,0.021131745186321438,-40.39586802476114,0.02182539581972788
avg_funding_rate,price_direction_1d,0,-0.018201730088214126,0.7642231571096768,-0.016719663495557577,0.7829216102551408,274,0.7642231571096768,False,,,
avg_funding_rate,price_direction_1d,1,-0.03362298591295247,0.5801605214161091,-0.046199788641304584,0.4471055968586475,273,0.5801605214161091,False,,,
avg_funding_rate,price_direction_1d,3,-0.09589851875225944,0.11525098562128863,-0.10859622849685124,0.07430385481132634,271,0.11525098562128863,False,,,
avg_funding_rate,price_direction_1d,7,-0.09243590598805437,0.13192453986039776,-0.10166442757245032,0.09737517706957333,267,0.13192453986039776,False,,,
avg_funding_rate,price_direction_1d,14,-0.01699926283274667,0.7850039957130946,-0.02323973315406008,0.7091676185333895,260,0.7850039957130946,False,,,
avg_funding_rate,price_direction_7d,0,-0.10582889332995683,0.0803454555117579,-0.10659589603081576,0.07816542434060808,274,0.0803454555117579,False,,,
avg_funding_rate,price_direction_7d,1,-0.16628233060939845,0.005886683860373532,-0.1618028271589967,0.007388013457938402,273,0.005886683860373532,True,0.027649813472893192,-2275.855658936492,0.6351543337798723
avg_funding_rate,price_direction_7d,3,-0.22769179970426384,0.00015636699661489094,-0.23039290446074898,0.00012980802199687364,271,0.00015636699661489094,True,0.051843555652566375,-3110.9402532495137,0.6734785745740524
avg_funding_rate,price_direction_7d,7,-0.13532152959620108,0.02703740815589132,-0.1503960608021182,0.013894874504140507,267,0.02703740815589132,True,0.018311916372255044,-1839.0575181352306,0.6194640015816824
avg_funding_rate,price_direction_7d,14,0.07242701944871802,0.2445243401622031,0.07554551102181095,0.22474737680173323,260,0.2445243401622031,False,,,
avg_funding_rate,price_range,0,-0.17625309353033877,0.00342117565403821,-0.11598089117544526,0.05517133476393828,274,0.00342117565403821,True,0.031065152979014354,-104.1725616462749,0.03851744729233048
avg_funding_rate,price_range,1,-0.08609633655961027,0.15600015495958997,-0.07701779787546355,0.20458770171610413,273,0.15600015495958997,False,,,
avg_funding_rate,price_range,3,0.009023162716779129,0.8824560907669173,-0.009355218734893853,0.8781634212808123,271,0.8824560907669173,False,,,
avg_funding_rate,price_range,7,-0.03183390281344731,0.6045552410381724,-0.0010044047043946105,0.9869670472272332,267,0.6045552410381724,False,,,
avg_funding_rate,price_range,14,-0.06301148629172006,0.31147100608357026,-0.015147563301446598,0.8079401737097567,260,0.31147100608357026,False,,,
sum_open_interest,price_static,0,0.6828793120335447,5.726157426918996e-39,0.6510496802467606,1.9940804955441066e-34,274,5.726157426918996e-39,True,0.46632415480340794,1.1551057536436533,8459.675695568338
sum_open_interest,price_static,1,0.6809360196581693,1.5408192677658245e-38,0.6506447609925498,2.9809111292802586e-34,273,1.5408192677658245e-38,True,0.46367386286791035,1.1550362090686441,8551.646570798926
sum_open_interest,price_static,3,0.6719139120608592,6.026330912018509e-37,0.633505776234233,8.20939582437497e-32,271,6.026330912018509e-37,True,0.4514683052209292,1.1382134481392094,10023.289480374558
sum_open_interest,price_static,7,0.6532510332644497,7.154362932497582e-34,0.6125512086437795,6.823922953010302e-29,267,7.154362932497582e-34,True,0.4267369124610707,1.1056904962605871,12808.080360590655
sum_open_interest,price_static,14,0.6066008095157678,1.6055690900819437e-27,0.5474070508553266,9.974066337258639e-22,260,1.6055690900819437e-27,True,0.3679645421051848,1.0269721751173138,19399.54057055668
sum_open_interest,price_change_1d,0,-0.022656316683713314,0.7088788852042435,-0.0047359939330742255,0.9377988649239382,274,0.7088788852042435,False,,,
sum_open_interest,price_change_1d,1,-0.029381621147354757,0.6288536993596524,-0.014711190484054375,0.8088060828080963,273,0.6288536993596524,False,,,
sum_open_interest,price_change_1d,3,-0.019441614714317157,0.7500297756954478,9.647155295082362e-05,0.9987387195249808,271,0.7500297756954478,False,,,
sum_open_interest,price_change_1d,7,-0.0247182435357087,0.6876355502862056,-0.03381252056856883,0.5822739319309709,267,0.6876355502862056,False,,,
sum_open_interest,price_change_1d,14,-0.0053491762384992175,0.9315952846649113,0.009647388957733784,0.8769683216004883,260,0.9315952846649113,False,,,
sum_open_interest,price_change_7d,0,-0.08580581351425615,0.15664107631659416,-0.0960764782662593,0.11256907172868026,274,0.15664107631659416,False,,,
sum_open_interest,price_change_7d,1,-0.08954972827744047,0.14000248808270555,-0.10362769476122846,0.08745872610514957,273,0.14000248808270555,False,,,
sum_open_interest,price_change_7d,3,-0.0865932268051468,0.1551462403973171,-0.09302510672165545,0.12660637006048692,271,0.1551462403973171,False,,,
sum_open_interest,price_change_7d,7,-0.06536293575201793,0.28725324891336307,-0.0678652441938319,0.26916009512181455,267,0.28725324891336307,False,,,
sum_open_interest,price_change_7d,14,-0.04235171252428241,0.4965579527769099,-0.030617658203865094,0.6231214015221205,260,0.4965579527769099,False,,,
sum_open_interest,volatility_1d,0,-0.3908509151999315,1.9607653887554987e-11,-0.3130676622647426,1.209007347908102e-07,274,1.9607653887554987e-11,True,0.15276443791262428,-6.171335177605795e-07,0.07061520781903613
sum_open_interest,volatility_1d,1,-0.37989892249098123,8.40211310520684e-11,-0.31552592963069565,1.0034623057455157e-07,273,8.40211310520684e-11,True,0.14432319130980853,-6.021459479890259e-07,0.06937617470701761
sum_open_interest,volatility_1d,3,-0.29339613997403563,8.823917090852992e-07,-0.28795251187806,1.429262948150405e-06,271,8.823917090852992e-07,True,0.08608129495166406,-4.6488716563774033e-07,0.058061692539651516
sum_open_interest,volatility_1d,7,-0.22931211662099948,0.00015689029575295535,-0.2673756334488746,9.451244655759713e-06,267,0.00015689029575295535,True,0.05258404682920281,-3.612170196488391e-07,0.04944156876123457
sum_open_interest,volatility_1d,14,-0.24205606289948334,8.046017664002108e-05,-0.22578303957614304,0.0002419715521340203,260,8.046017664002108e-05,True,0.058591137586398556,-3.817665705206278e-07,0.051131357031779845
sum_open_interest,volatility_7d,0,-0.25913194460066385,1.3977137216545132e-05,-0.2527105011776545,2.307124738010798e-05,274,1.3977137216545132e-05,True,0.06714936471252164,-3.7686932606213246e-07,0.05134736540889083
sum_open_interest,volatility_7d,1,-0.26123664137412705,1.2271877920125108e-05,-0.26270471692326564,1.0916656568899316e-05,273,1.2271877920125108e-05,True,0.0682445827964342,-3.8135786464858277e-07,0.051726599630647255
sum_open_interest,volatility_7d,3,-0.24473919493883253,4.653238598155816e-05,-0.24493102283964013,4.587875064171359e-05,271,4.653238598155816e-05,True,0.05989727353930774,-3.562909985498467e-07,0.0495790535897838
sum_open_interest,volatility_7d,7,-0.22446550419744388,0.00021740259595568368,-0.1896759339233544,0.0018513489939353208,267,0.00021740259595568368,True,0.05038476257461266,-3.26001039289846e-07,0.046997648898269545
sum_open_interest,volatility_7d,14,-0.27246927306761753,8.316179705770836e-06,-0.22448511414028652,0.0002633111074267155,260,8.316179705770836e-06,True,0.07423950476599583,-3.9764380697502724e-07,0.05288186941877997
sum_open_interest,price_direction_1d,0,-0.007993450681165876,0.8952118104709571,-0.012550842034879786,0.8361568613198549,274,0.8952118104709571,False,,,
sum_open_interest,price_direction_1d,1,6.30254095504568e-05,0.9991729349548629,-0.010876446140272576,0.8580247853316195,273,0.9991729349548629,False,,,
sum_open_interest,price_direction_1d,3,-0.02743251082336115,0.6530037144910297,-0.033207074306331415,0.5862483102613109,271,0.6530037144910297,False,,,
sum_open_interest,price_direction_1d,7,-0.08815044428320055,0.1508800711101317,-0.09174368546431491,0.1348555309758937,267,0.1508800711101317,False,,,
sum_open_interest,price_direction_1d,14,-0.014202702940045372,0.8197086367433581,-0.008506584636404071,0.8914211892114756,260,0.8197086367433581,False,,,
sum_open_interest,price_direction_7d,0,-0.08339607132035286,0.1686549136382729,-0.08896857035659797,0.14186708666045192,274,0.1686549136382729,False,,,
sum_open_interest,price_direction_7d,1,-0.08709881644613296,0.15122035551049262,-0.09817084168971432,0.10555107779100895,273,0.15122035551049262,False,,,
sum_open_interest,price_direction_7d,3,-0.10627669529520217,0.08074192801547345,-0.10265284911498566,0.09169452638304007,271,0.08074192801547345,False,,,
sum_open_interest,price_direction_7d,7,-0.061392007390263174,0.31760575129298285,-0.05037256772899651,0.41235674236425457,267,0.31760575129298285,False,,,
sum_open_interest,price_direction_7d,14,-0.0362357332077502,0.5607961121480025,-0.03621720204688307,0.5609966656634107,260,0.5607961121480025,False,,,
sum_open_interest,price_range,0,-0.2753845378137672,3.7034275920696e-06,-0.19236092374778507,0.001376586088631395,274,3.7034275920696e-06,True,0.07583664366690201,-8.63019010693295e-07,0.10510492304695965
sum_open_interest,price_range,1,-0.1915294745941989,0.001475026848252029,-0.21274694605523287,0.0004006824773214646,273,0.001475026848252029,True,0.03668353963832982,-6.028896365707526e-07,0.08356218362084183
sum_open_interest,price_range,3,-0.19483165421398557,0.0012665475845313713,-0.2263825579432265,0.00017099648445812084,271,0.0012665475845313713,True,0.03795937348375811,-6.133800121098634e-07,0.08444726577893802
sum_open_interest,price_range,7,-0.15291813448267508,0.012359505227623833,-0.1698298656249882,0.005398137071571566,267,0.012359505227623833,True,0.023383955853661487,-4.782151852578738e-07,0.07324120202338072
sum_open_interest,price_range,14,-0.13197105706691847,0.03341777449395224,-0.12032540308402376,0.052637047702274044,260,0.03341777449395224,True,0.017416359903359768,-4.1236837985603164e-07,0.06777454273040609
long_short_ratio,price_static,0,,,,,274,,False,,,
long_short_ratio,price_static,1,,,,,273,,False,,,
long_short_ratio,price_static,3,,,,,271,,False,,,
long_short_ratio,price_static,7,,,,,267,,False,,,
long_short_ratio,price_static,14,,,,,260,,False,,,
long_short_ratio,price_change_1d,0,,,,,274,,False,,,
long_short_ratio,price_change_1d,1,,,,,273,,False,,,
long_short_ratio,price_change_1d,3,,,,,271,,False,,,
long_short_ratio,price_change_1d,7,,,,,267,,False,,,
long_short_ratio,price_change_1d,14,,,,,260,,False,,,
long_short_ratio,price_change_7d,0,,,,,274,,False,,,
long_short_ratio,price_change_7d,1,,,,,273,,False,,,
long_short_ratio,price_change_7d,3,,,,,271,,False,,,
long_short_ratio,price_change_7d,7,,,,,267,,False,,,
long_short_ratio,price_change_7d,14,,,,,260,,False,,,
long_short_ratio,volatility_1d,0,,,,,274,,False,,,
long_short_ratio,volatility_1d,1,,,,,273,,False,,,
long_short_ratio,volatility_1d,3,,,,,271,,False,,,
long_short_ratio,volatility_1d,7,,,,,267,,False,,,
long_short_ratio,volatility_1d,14,,,,,260,,False,,,
long_short_ratio,volatility_7d,0,,,,,274,,False,,,
long_short_ratio,volatility_7d,1,,,,,273,,False,,,
long_short_ratio,volatility_7d,3,,,,,271,,False,,,
long_short_ratio,volatility_7d,7,,,,,267,,False,,,
long_short_ratio,volatility_7d,14,,,,,260,,False,,,
long_short_ratio,price_direction_1d,0,,,,,274,,False,,,
long_short_ratio,price_direction_1d,1,,,,,273,,False,,,
long_short_ratio,price_direction_1d,3,,,,,271,,False,,,
long_short_ratio,price_direction_1d,7,,,,,267,,False,,,
long_short_ratio,price_direction_1d,14,,,,,260,,False,,,
long_short_ratio,price_direction_7d,0,,,,,274,,False,,,
long_short_ratio,price_direction_7d,1,,,,,273,,False,,,
long_short_ratio,price_direction_7d,3,,,,,271,,False,,,
long_short_ratio,price_direction_7d,7,,,,,267,,False,,,
long_short_ratio,price_direction_7d,14,,,,,260,,False,,,
long_short_ratio,price_range,0,,,,,274,,False,,,
long_short_ratio,price_range,1,,,,,273,,False,,,
long_short_ratio,price_range,3,,,,,271,,False,,,
long_short_ratio,price_range,7,,,,,267,,False,,,
long_short_ratio,price_range,14,,,,,260,,False,,,
volatility_24h,price_static,0,-0.3609256087566394,7.469635542072101e-10,-0.3389915194294757,8.561564186871587e-09,274,7.469635542072101e-10,True,0.13026729505635093,-192484.2561263303,110535.55751968207
volatility_24h,price_static,1,-0.3621135382013096,6.996337663972938e-10,-0.34160359820514397,6.892145661632274e-09,273,6.996337663972938e-10,True,0.13112621454867135,-193389.39746328417,110587.36002712067
volatility_24h,price_static,3,-0.34431253697606595,5.8549727858138746e-09,-0.3458077080770808,4.9811199272939404e-09,271,5.8549727858138746e-09,True,0.11855112311889471,-183779.3244271503,110322.75794920327
volatility_24h,price_static,7,-0.390389174559278,3.756970948103918e-11,-0.36407722307613744,8.627638877737228e-10,267,3.756970948103918e-11,True,0.1524037076130743,-210456.10136938927,111259.0477928168
volatility_24h,price_static,14,-0.37336606998832167,5.047045936496469e-10,-0.4041675627882524,1.2275300886759065e-11,260,5.047045936496469e-10,True,0.13940222221852405,-200689.82445409262,111189.33067467554
volatility_24h,price_change_1d,0,-0.044810572773484166,0.4600727128768777,-0.028803021795722528,0.6350053064089143,274,0.4600727128768777,False,,,
volatility_24h,price_change_1d,1,0.06954193315021821,0.25215283466576366,0.041054855406508474,0.4993518633408811,273,0.25215283466576366,False,,,
volatility_24h,price_change_1d,3,-0.13059560885738516,0.031622515564829326,-0.12501205894411885,0.039732435678450015,271,0.031622515564829326,True,0.017055213052831086,-0.12880005467721695,0.004522298635897385
volatility_24h,price_change_1d,7,-0.022202160503306537,0.7180032348804298,-0.06458751271941382,0.2930219392886897,267,0.7180032348804298,False,,,
volatility_24h,price_change_1d,14,-0.03156316715093771,0.6124251439062064,-0.04768664079008906,0.4438817711644153,260,0.6124251439062064,False,,,
volatility_24h,price_change_7d,0,-0.07746397243344934,0.20113784774110238,-0.05338515499099441,0.37871329395004816,274,0.20113784774110238,False,,,
volatility_24h,price_change_7d,1,-0.05945574514662689,0.3277140478370378,-0.05975658090299567,0.3252680835694378,273,0.3277140478370378,False,,,
volatility_24h,price_change_7d,3,-0.1129910346177206,0.06325117417017556,-0.09873622265634423,0.10483429642648955,271,0.06325117417017556,False,,,
volatility_24h,price_change_7d,7,0.07508291841913822,0.2213917844296058,0.03541513518829776,0.5645112384125328,267,0.2213917844296058,False,,,
volatility_24h,price_change_7d,14,0.03959486088752874,0.5250234849834869,0.06289578703371806,0.31236207454090487,260,0.5250234849834869,False,,,
volatility_24h,volatility_1d,0,0.5608064516514162,4.253385957102102e-24,0.4806991548597388,3.004245822420919e-17,274,4.253385957102102e-24,True,0.31450387621385256,0.2791777010299936,0.010048054670870374
volatility_24h,volatility_1d,1,0.6268773071796739,3.235373119608003e-31,0.47845075705745516,5.0391768110314565e-17,273,3.235373119608003e-31,True,0.3929751582568395,0.31283465875624045,0.008952890506414913
volatility_24h,volatility_1d,3,0.5055053128093906,5.513046371532249e-19,0.3813725490196079,8.229732158849745e-11,271,5.513046371532249e-19,True,0.2555356212785199,0.25237865423953404,0.011046796755075207
volatility_24h,volatility_1d,7,0.21480557254261973,0.00040802919900966223,0.20531308986872682,0.0007378068753073243,267,0.00040802919900966223,True,0.046141433995362635,0.10776978813954059,0.01596202281252357
volatility_24h,volatility_1d,14,0.058809687983505374,0.34490074584525704,0.09848256744808467,0.11315150138640946,260,0.34490074584525704,False,,,
volatility_24h,volatility_7d,0,0.33606428058350085,1.1690327032050971e-08,0.2230397339886391,0.00019758759613892578,274,1.1690327032050971e-08,True,0.11293920068410579,0.15409619529786744,0.014921033116728993
volatility_24h,volatility_7d,1,0.2765862157919415,3.487212178935909e-06,0.18607594638079825,0.00201929261303389,273,3.487212178935909e-06,True,0.0764999347661065,0.12712406013631225,0.015879892420828306
volatility_24h,volatility_7d,3,0.22063873999474015,0.00025162804455792066,0.18866941610592577,0.0018109803016125112,271,0.00025162804455792066,True,0.04868145358646647,0.10120846243019234,0.016692532749024082
volatility_24h,volatility_7d,7,0.123155140634342,0.04436876429392145,0.15235997927066533,0.012685784492362993,267,0.04436876429392145,True,0.0151671886646646,0.056968161539237124,0.018141955522018333
volatility_24h,volatility_7d,14,-0.03547222885445954,0.5690875876236361,0.009435733573664607,0.8796468546652592,260,0.5690875876236361,False,,,
volatility_24h,price_direction_1d,0,0.009520167033126359,0.8753473603674607,0.005352564985463438,0.9297206613346981,274,0.8753473603674607,False,,,
volatility_24h,price_direction_1d,1,0.073575206536111,0.22561693769767494,0.04025214682682073,0.5077844618052215,273,0.22561693769767494,False,,,
volatility_24h,price_direction_1d,3,-0.1427530891374195,0.018712771479140196,-0.12405483725234606,0.04128565506485371,271,0.018712771479140196,True,0.02037844445827619,-3.274683248207605,0.6098678941193739
volatility_24h,price_direction_1d,7,-0.08049922297484556,0.18974770659029117,-0.10243415728748718,0.09485382198963191,267,0.18974770659029117,False,,,
volatility_24h,price_direction_1d,14,-0.052758442537291714,0.3968861496199959,-0.07143481315148961,0.25106409761474124,260,0.3968861496199959,False,,,
volatility_24h,price_direction_7d,0,-0.034098238766817605,0.5741096229324085,-0.044299319335561776,0.4652126387178721,274,0.5741096229324085,False,,,
volatility_24h,price_direction_7d,1,-0.01726535202570408,0.7764236693929382,0.003725648640975876,0.9511397411185482,273,0.7764236693929382,False,,,
volatility_24h,price_direction_7d,3,-0.0905438872159221,0.13709247394545,-0.10662284880451552,0.07975349455166675,271,0.13709247394545,False,,,
volatility_24h,price_direction_7d,7,0.073109825822846,0.2338053668079649,0.0477418920448903,0.43722250503637594,267,0.2338053668079649,False,,,
volatility_24h,price_direction_7d,14,0.020556554897037494,0.7414738325305691,0.03601200543471943,0.563219710132636,260,0.7414738325305691,False,,,
volatility_24h,price_range,0,0.9994953346335599,0.0,0.9990362921749785,0.0,274,0.0,True,0.9989909239542522,0.9875550313291812,-1.8704726911483727e-05
volatility_24h,price_range,1,0.38501697189750145,4.456438332286063e-11,0.3277747370705722,2.942748109271598e-08,273,4.456438332286063e-11,True,0.1482380686491217,0.3815756760680785,0.020733364661205303
volatility_24h,price_range,3,0.2260434335331323,0.00017498939994440416,0.19989026360851844,0.0009367837646212386,271,0.00017498939994440416,True,0.05109563384344773,0.22423104063494267,0.026125321486895822
volatility_24h,price_range,7,0.26184357247218204,1.4619492379809481e-05,0.3105195068839296,2.2343099812625905e-07,267,1.4619492379809481e-05,True,0.06856205644499502,0.26080539586981333,0.02493109351478868
volatility_24h,price_range,14,-0.015002905820266576,0.8097391895837094,0.05539294504811745,0.3737000852267015,260,0.8097391895837094,False,,,
taker_buy_sell_ratio,price_static,0,0.13938763837710885,0.02099879930090601,0.14752984242035339,0.014514209644811604,274,0.02099879930090601,True,0.019428913732347786,19592.472967703245,81910.92781851364
taker_buy_sell_ratio,price_static,1,0.14707611774908622,0.015007962066888356,0.16326513761035016,0.006864076831057574,273,0.015007962066888356,True,0.02163138441214285,20806.89270170651,80572.40003747572
taker_buy_sell_ratio,price_static,3,0.17497660795062084,0.00385869340867378,0.197161324554422,0.0011033001400310623,271,0.00385869340867378,True,0.03061681332990529,24964.454048128795,75928.47994510041
taker_buy_sell_ratio,price_static,7,0.22782297481438224,0.0001735584145771155,0.222104607485509,0.00025420546691423777,267,0.0001735584145771155,True,0.05190330785327457,33542.62514234552,66286.61938680493
taker_buy_sell_ratio,price_static,14,0.25892212832762485,2.3663175965312563e-05,0.25574729712660743,2.998927445902488e-05,260,2.3663175965312563e-05,True,0.06704066853770707,39363.82319069987,59831.165755464965
taker_buy_sell_ratio,price_change_1d,0,0.050998319754876044,0.4004261154901169,0.07216637377221319,0.23378788422959884,274,0.4004261154901169,False,,,
taker_buy_sell_ratio,price_change_1d,1,0.0011836911679561006,0.9844677206107524,-0.007867829894450762,0.897038456703772,273,0.9844677206107524,False,,,
taker_buy_sell_ratio,price_change_1d,3,0.13072975787899382,0.03144647822660411,0.14704013216602754,0.015410758338259653,271,0.03144647822660411,True,0.017090269595100405,0.03446356460883799,-0.038698053365049924
taker_buy_sell_ratio,price_change_1d,7,0.00782761822029867,0.8986980622928725,0.03286746969721806,0.5928686531253434,267,0.8986980622928725,False,,,
taker_buy_sell_ratio,price_change_1d,14,0.01220381136042957,0.844735652089722,0.036933864520071406,0.553265834500459,260,0.844735652089722,False,,,
taker_buy_sell_ratio,price_change_7d,0,0.18466078642967212,0.0021467369817448232,0.15975936472286836,0.008062609821847089,274,0.0021467369817448232,True,0.03409960604482498,0.11561589887916583,-0.1290596276485426
taker_buy_sell_ratio,price_change_7d,1,0.18698000940300258,0.0019179645941245452,0.13609576340362087,0.024523540569461228,273,0.0019179645941245452,True,0.03496152391634677,0.11720165820248592,-0.13128713827873667
taker_buy_sell_ratio,price_change_7d,3,0.15360979935039393,0.011338382813327972,0.08572582784651377,0.15934025236527352,271,0.011338382813327972,True,0.023595970456468107,0.09714024637845269,-0.10864697899781893
taker_buy_sell_ratio,price_change_7d,7,0.05454748696692285,0.37465231450614356,0.023167931567977466,0.7062913510013957,267,0.37465231450614356,False,,,
taker_buy_sell_ratio,price_change_7d,14,0.05981746618113214,0.33668250987746745,0.1391722908964288,0.024819184614233207,260,0.33668250987746745,False,,,
taker_buy_sell_ratio,volatility_1d,0,-0.29735533967180133,5.345877258195821e-07,-0.3161635444847124,8.927496342346158e-08,274,5.345877258195821e-07,True,0.08842019803133261,-0.03901494040757742,0.06348761365589013
taker_buy_sell_ratio,volatility_1d,1,-0.290328740266417,1.0579843282538155e-06,-0.27110394972138213,5.514270368563931e-06,273,1.0579843282538155e-06,True,0.08429077742468438,-0.03837951787463574,0.06282079222435108
taker_buy_sell_ratio,volatility_1d,3,-0.17622681937178483,0.003608951013186236,-0.17119721197211973,0.004711436655051433,271,0.003608951013186236,True,0.031055891865895746,-0.023517825527574688,0.04615151669063523
taker_buy_sell_ratio,volatility_1d,7,-0.13500652253587397,0.027399210652276983,-0.1181414461863194,0.05383676602870592,267,0.027399210652276983,True,0.01822676112722954,-0.018498734185147137,0.04048429706586819
taker_buy_sell_ratio,volatility_1d,14,-0.08832832265832818,0.15555934052248988,-0.13093889645613782,0.034837107369582544,260,0.15555934052248988,False,,,
taker_buy_sell_ratio,volatility_7d,0,-0.17007390020527696,0.004758420893602005,-0.17665283621488004,0.0033477050104550867,274,0.004758420893602005,True,0.028925131531034598,-0.02055392243076951,0.043314245949484104
taker_buy_sell_ratio,volatility_7d,1,-0.1406331138215802,0.020096431413279058,-0.1489036939874209,0.013787652014836244,273,0.020096431413279058,True,0.01977767270315367,-0.017122295465539287,0.03948778952642076
taker_buy_sell_ratio,volatility_7d,3,-0.14892715253726446,0.014126977506357465,-0.1710301955960736,0.004752762773375028,271,0.014126977506357465,True,0.02217929676285746,-0.018260270622025954,0.04071708483022845
taker_buy_sell_ratio,volatility_7d,7,-0.1804903443866971,0.0030789388329904013,-0.2529880377616858,2.880606114931916e-05,267,0.0030789388329904013,True,0.03257676441682855,-0.022801814538514053,0.045808047340388666
taker_buy_sell_ratio,volatility_7d,14,-0.07551878615088578,0.2249118865020568,-0.138006138006138,0.02606660706841016,260,0.2249118865020568,False,,,
taker_buy_sell_ratio,price_direction_1d,0,0.03355163432002325,0.5802667659936958,0.03082339146801359,0.6114490601206903,274,0.5802667659936958,False,,,
taker_buy_sell_ratio,price_direction_1d,1,-0.0700944009620135,0.24839533859330795,-0.010783485062150587,0.8592255935994039,273,0.24839533859330795,False,,,
taker_buy_sell_ratio,price_direction_1d,3,0.16281411258837883,0.007235340608128228,0.15631852876588398,0.009957667703971832,271,0.007235340608128228,True,0.026508435257941443,0.9983299378234537,-0.6265577491934003
taker_buy_sell_ratio,price_direction_1d,7,0.03140617003660794,0.6094215175574614,0.06744715859346881,0.27212770416586607,267,0.6094215175574614,False,,,
taker_buy_sell_ratio,price_direction_1d,14,0.03442107750086421,0.580597164895704,0.05770129096741555,0.3540850860248175,260,0.580597164895704,False,,,
taker_buy_sell_ratio,price_direction_7d,0,0.15791305930972518,0.008833663845917192,0.15731344924799703,0.009097802441347424,274,0.008833663845917192,True,0.024936534300556534,0.9537250501164536,-0.5400648383057939
taker_buy_sell_ratio,price_direction_7d,1,0.11690494557572617,0.05368814256935566,0.08839101400715266,0.14522392301716586,273,0.05368814256935566,False,,,
taker_buy_sell_ratio,price_direction_7d,3,0.10576221495586045,0.08222926818603173,0.048585234295674615,0.42569068362035356,271,0.08222926818603173,False,,,
taker_buy_sell_ratio,price_direction_7d,7,0.017779087595085407,0.7724493541211582,0.022701756829509062,0.7119362101283659,267,0.7724493541211582,False,,,
taker_buy_sell_ratio,price_direction_7d,14,0.09527320179359879,0.12544357026637842,0.1515376980828507,0.014451528867784164,260,0.12544357026637842,False,,,
taker_buy_sell_ratio,price_range,0,-0.45115956820888,3.8182307955456665e-15,-0.5480822826808228,6.947963171113658e-23,274,3.8182307955456665e-15,True,0.20354495598642264,-0.11748926526266262,0.1659312805565715
taker_buy_sell_ratio,price_range,1,-0.1895797619929511,0.001651906595239364,-0.13415711596261187,0.026657442685301777,273,0.001651906595239364,True,0.03594048615730394,-0.04977026505712244,0.08976683045531854
taker_buy_sell_ratio,price_range,3,-0.16517932424291082,0.006422915642093343,-0.17415768275329813,0.004030637748748727,271,0.006422915642093343,True,0.02728420915734453,-0.04379835378638003,0.083117736342258
taker_buy_sell_ratio,price_range,7,-0.18149237403963914,0.002916027277721464,-0.2140089448844314,0.00042925304933375203,267,0.002916027277721464,True,0.032939481834544204,-0.049370646227614716,0.08947273423484256
taker_buy_sell_ratio,price_range,14,-0.04054393083499058,0.5151311066619327,-0.04924879407638028,0.4290802034450101,260,0.5151311066619327,False,,,
taker_buy_vol,price_static,0,-0.623756940531328,0.03020037620924356,-0.6713286713286714,0.01683145618689339,12,0.03020037620924356,True,0.3890727208610022,-0.0023722075095259755,111139.20884144775
taker_buy_vol,price_static,1,-0.28722157838252615,0.39178284609228753,-0.3727272727272728,0.2589258736842221,11,0.39178284609228753,False,,,
taker_buy_vol,price_static,3,-0.04793975867249266,0.9025247730192453,0.06666666666666667,0.8646897846262037,9,0.9025247730192453,False,,,
taker_buy_vol,price_static,7,0.6335655892447842,0.2511213467726342,0.7999999999999999,0.10408803866182788,5,0.2511213467726342,False,,,
taker_buy_vol,price_change_1d,0,0.21669121441964592,0.4987427596461982,0.1258741258741259,0.6966831093957659,12,0.4987427596461982,False,,,
taker_buy_vol,price_change_1d,1,0.3302957390779072,0.32117898728333855,0.45454545454545453,0.16014543725525882,11,0.32117898728333855,False,,,
taker_buy_vol,price_change_1d,3,0.21439596347379702,0.579622082582969,0.16666666666666669,0.668231040071504,9,0.579622082582969,False,,,
taker_buy_vol,price_change_1d,7,-0.0811585500374474,0.8967792758633683,-0.09999999999999999,0.8728885715695383,5,0.8967792758633683,False,,,
taker_buy_vol,price_change_7d,0,0.4024924449509555,0.19457799455265093,0.20979020979020982,0.5128409431818263,12,0.19457799455265093,False,,,
taker_buy_vol,price_change_7d,1,0.22724944686291262,0.501580687738928,0.19090909090909092,0.5739131682855215,11,0.501580687738928,False,,,
taker_buy_vol,price_change_7d,3,-0.6069477185599198,0.08306023823051055,-0.5666666666666667,0.11163298761149114,9,0.08306023823051055,False,,,
taker_buy_vol,price_change_7d,7,0.524105949468363,0.3646398227911033,0.6,0.28475697986529375,5,0.3646398227911033,False,,,
taker_buy_vol,volatility_1d,0,0.5597943856115384,0.058395706847593196,0.5734265734265735,0.05126558978649143,12,0.058395706847593196,False,,,
taker_buy_vol,volatility_1d,1,0.38078132468867804,0.24795250716705056,0.4272727272727273,0.189943724965427,11,0.24795250716705056,False,,,
taker_buy_vol,volatility_1d,3,-0.40110302939351344,0.28465384427259693,-0.38333333333333336,0.30849527238037144,9,0.28465384427259693,False,,,
taker_buy_vol,volatility_1d,7,0.8388983719435681,0.07571819486950529,0.8999999999999998,0.03738607346849875,5,0.07571819486950529,False,,,
taker_buy_vol,volatility_7d,0,-0.6131975293864836,0.03397887687250766,-0.4825174825174825,0.11210929146889191,12,0.03397887687250766,True,0.37601121004568727,-1.4765934535234799e-09,0.02893159754150877
taker_buy_vol,volatility_7d,1,-0.5208784713063169,0.10040386747009448,-0.4090909090909091,0.21154501034209613,11,0.10040386747009448,False,,,
taker_buy_vol,volatility_7d,3,0.3222111422772554,0.3977666418483062,0.21666666666666667,0.5755148957119259,9,0.3977666418483062,False,,,
taker_buy_vol,volatility_7d,7,0.6156171377830014,0.26896754158938724,0.49999999999999994,0.39100221895577053,5,0.26896754158938724,False,,,
taker_buy_vol,price_direction_1d,0,0.12680648210877,0.6945316653685434,0.04828045495852676,0.8815533219813624,12,0.6945316653685434,False,,,
taker_buy_vol,price_direction_1d,1,0.14029922719975566,0.6807453173279638,0.28867513459481287,0.38928314247621143,11,0.6807453173279638,False,,,
taker_buy_vol,price_direction_1d,3,0.12710993701219442,0.7445149441207476,-0.08660254037844387,0.8246736931109945,9,0.7445149441207476,False,,,
taker_buy_vol,price_direction_1d,7,-0.2858265904786436,0.641092115605682,-0.28867513459481287,0.6376180914006018,5,0.641092115605682,False,,,
taker_buy_vol,price_direction_7d,0,0.6685820058020491,0.017455225975355208,0.4803844614152615,0.11393741215192033,12,0.017455225975355208,True,0.4470018984822909,1.5122424124235286e-07,-0.29497966430398637
taker_buy_vol,price_direction_7d,1,0.2009899656232373,0.5534489046607463,0.4000000000000001,0.22286835013351997,11,0.5534489046607463,False,,,
taker_buy_vol,price_direction_7d,3,-0.51023560696975,0.16048619433417627,-0.5477225575051661,0.12687036692367104,9,0.16048619433417627,False,,,
taker_buy_vol,price_direction_7d,7,,,,,5,,False,,,
taker_buy_vol,price_range,0,0.9827875287375919,1.1560241282835653e-08,0.9790209790209792,3.0898013985487064e-08,12,1.1560241282835653e-08,True,0.9658713266421429,1.5973626988644542e-08,0.0018484417627580227
taker_buy_vol,price_range,1,0.36215451044191294,0.27374220869940047,0.45454545454545453,0.16014543725525882,11,0.27374220869940047,False,,,
taker_buy_vol,price_range,3,-0.6136420848781161,0.07880573966432074,-0.5833333333333334,0.09918581647988323,9,0.07880573966432074,False,,,
taker_buy_vol,price_range,7,-0.2071150923719131,0.7381905544702656,0.09999999999999999,0.8728885715695383,5,0.7381905544702656,False,,,
taker_sell_vol,price_static,0,-0.6000485833995566,0.03914282469572019,-0.6713286713286714,0.01683145618689339,12,0.03914282469572019,True,0.3600583024398145,-0.0021133416445552125,110683.5648254428
taker_sell_vol,price_static,1,-0.26840195049034077,0.4248590237830034,-0.3727272727272728,0.2589258736842221,11,0.4248590237830034,False,,,
taker_sell_vol,price_static,3,-0.021228861502845194,0.9567691567840222,0.06666666666666667,0.8646897846262037,9,0.9567691567840222,False,,,
taker_sell_vol,price_static,7,0.6351775375710588,0.2495347868337974,0.7999999999999999,0.10408803866182788,5,0.2495347868337974,False,,,
taker_sell_vol,price_change_1d,0,0.20025276639109107,0.5326071418420895,0.1258741258741259,0.6966831093957659,12,0.5326071418420895,False,,,
taker_sell_vol,price_change_1d,1,0.3270937633878767,0.3261752805512927,0.45454545454545453,0.16014543725525882,11,0.3261752805512927,False,,,
taker_sell_vol,price_change_1d,3,0.22185759212142206,0.5661656075282787,0.16666666666666669,0.668231040071504,9,0.5661656075282787,False,,,
taker_sell_vol,price_change_1d,7,-0.10773507710474152,0.8630932602112693,-0.09999999999999999,0.8728885715695383,5,0.8630932602112693,False,,,
taker_sell_vol,price_change_7d,0,0.4359796250054506,0.15653704745328217,0.20979020979020982,0.5128409431818263,12,0.15653704745328217,False,,,
taker_sell_vol,price_change_7d,1,0.2925855665756552,0.38259806701699517,0.19090909090909092,0.5739131682855215,11,0.38259806701699517,False,,,
taker_sell_vol,price_change_7d,3,-0.5882811554848152,0.09566147212545768,-0.5666666666666667,0.11163298761149114,9,0.09566147212545768,False,,,
taker_sell_vol,price_change_7d,7,0.5359814656473195,0.3518183377079529,0.6,0.28475697986529375,5,0.3518183377079529,False,,,
taker_sell_vol,volatility_1d,0,0.5479481438373086,0.0651290478169009,0.5734265734265735,0.05126558978649143,12,0.0651290478169009,False,,,
taker_sell_vol,volatility_1d,1,0.3899541640120618,0.23578628613656338,0.4272727272727273,0.189943724965427,11,0.23578628613656338,False,,,
taker_sell_vol,volatility_1d,3,-0.36171611551970884,0.33880601144439254,-0.38333333333333336,0.30849527238037144,9,0.33880601144439254,False,,,
taker_sell_vol,volatility_1d,7,0.8553486987749233,0.06458957034203779,0.8999999999999998,0.03738607346849875,5,0.06458957034203779,False,,,
taker_sell_vol,volatility_7d,0,-0.5619693204046838,0.05721442305959064,-0.4825174825174825,0.11210929146889191,12,0.05721442305959064,False,,,
taker_sell_vol,volatility_7d,1,-0.5260642247982119,0.09646773540056637,-0.4090909090909091,0.21154501034209613,11,0.09646773540056637,False,,,
taker_sell_vol,volatility_7d,3,0.3458741078309213,0.36190715389445716,0.21666666666666667,0.5755148957119259,9,0.36190715389445716,False,,,
taker_sell_vol,volatility_7d,7,0.5901923087084514,0.29479255156121636,0.49999999999999994,0.39100221895577053,5,0.29479255156121636,False,,,
taker_sell_vol,price_direction_1d,0,0.13621570754125362,0.6729375628439911,0.04828045495852676,0.8815533219813624,12,0.6729375628439911,False,,,
taker_sell_vol,price_direction_1d,1,0.14304062483829885,0.6747999960637763,0.28867513459481287,0.38928314247621143,11,0.6747999960637763,False,,,
taker_sell_vol,price_direction_1d,3,0.1176603411830872,0.763052402891697,-0.08660254037844387,0.8246736931109945,9,0.763052402891697,False,,,
taker_sell_vol,price_direction_1d,7,-0.3057644965568233,0.616842846631368,-0.28867513459481287,0.6376180914006018,5,0.616842846631368,False,,,
taker_sell_vol,price_direction_7d,0,0.6724580728501296,0.01657977856813839,0.4803844614152615,0.11393741215192033,12,0.01657977856813839,True,0.45219985974130994,1.4085684383139755e-07,-0.28183775293801927
taker_sell_vol,price_direction_7d,1,0.2690702238265394,0.4236621863440954,0.4000000000000001,0.22286835013351997,11,0.4236621863440954,False,,,
taker_sell_vol,price_direction_7d,3,-0.49814354053226984,0.17231869668430363,-0.5477225575051661,0.12687036692367104,9,0.17231869668430363,False,,,
taker_sell_vol,price_direction_7d,7,,,,,5,,False,,,
taker_sell_vol,price_range,0,0.9718539589940793,1.3269496859846922e-07,0.9790209790209792,3.0898013985487064e-08,12,1.3269496859846922e-07,True,0.9445001176124658,1.4628201064399804e-08,0.0038855873126332555
taker_sell_vol,price_range,1,0.40110572774148395,0.2214724748081833,0.45454545454545453,0.16014543725525882,11,0.2214724748081833,False,,,
taker_sell_vol,price_range,3,-0.6161964344653083,0.07721877320426614,-0.5833333333333334,0.09918581647988323,9,0.07721877320426614,False,,,
taker_sell_vol,price_range,7,-0.18108705958115773,0.7706992137202151,0.09999999999999999,0.8728885715695383,5,0.7706992137202151,False,,,
top_trader_long_short_ratio,price_static,0,0.3273962779066633,3.0589355742621056e-08,0.3183610614374891,7.59092661977852e-08,273,3.0589355742621056e-08,True,0.1071883227871373,6865.81781179603,93766.91202725608
top_trader_long_short_ratio,price_static,1,0.322418209921732,5.3609408149407465e-08,0.3111527608488754,1.6175983056697922e-07,272,5.3609408149407465e-08,True,0.10395350208913412,6815.209365888002,93920.23571657455
top_trader_long_short_ratio,price_static,3,0.309973001484772,2.0107030310245258e-07,0.2971383542831711,6.606380339385202e-07,270,2.0107030310245258e-07,True,0.09608326164947856,6675.572669890497,94244.13683115368
top_trader_long_short_ratio,price_static,7,0.3118392184048521,2.0800764444629763e-07,0.29254257118309873,1.2014990792571672e-06,266,2.0800764444629763e-07,True,0.09724369813534928,7007.605987180851,94019.13479921916
top_trader_long_short_ratio,price_static,14,0.4150362617135298,3.0101297625478784e-12,0.3936517039965315,4.5601230332095796e-11,260,3.0101297625478784e-12,True,0.1722550985371416,9790.601507707195,90388.84818633374
top_trader_long_short_ratio,price_change_1d,0,-0.0058962698407223684,0.9227453003407822,0.015866593689693734,0.7941135731344673,273,0.9227453003407822,False,,,
top_trader_long_short_ratio,price_change_1d,1,-0.015982917347122524,0.7930131991748312,0.004731810407955404,0.9380825598175242,272,0.7930131991748312,False,,,
top_trader_long_short_ratio,price_change_1d,3,-0.04047479678671747,0.507808058486579,-0.020295660205672687,0.7399053540497933,270,0.507808058486579,False,,,
top_trader_long_short_ratio,price_change_1d,7,0.06523218035220477,0.2891338236151871,0.03237657425310149,0.5990987538372344,266,0.2891338236151871,False,,,
top_trader_long_short_ratio,price_change_1d,14,0.04675213381210729,0.4528731189160585,0.04440325129980302,0.4759183084266342,260,0.4528731189160585,False,,,
top_trader_long_short_ratio,price_change_7d,0,-0.15499889747531062,0.010324432098167947,-0.12630049212273342,0.03701394084532169,273,0.010324432098167947,True,0.0240246582185617,-0.014453792833355076,0.02260706613165958
top_trader_long_short_ratio,price_change_7d,1,-0.12379763509029204,0.04133293996461001,-0.10473610392212518,0.08468220684907354,272,0.04133293996461001,True,0.015325854453949295,-0.011563173905919445,0.01793747426196333
top_trader_long_short_ratio,price_change_7d,3,-0.03177307500799898,0.6032072060492171,-0.030333901852029665,0.6197260965974829,270,0.6032072060492171,False,,,
top_trader_long_short_ratio,price_change_7d,7,0.062391510822754084,0.3106922533839972,0.07526416210124633,0.22114978781059383,266,0.3106922533839972,False,,,
top_trader_long_short_ratio,price_change_7d,14,0.12334521658888219,0.04693435259526054,0.13594830146554282,0.028399484809015864,260,0.04693435259526054,True,0.0152140424553584,0.012516862869073452,-0.01917940914296619
top_trader_long_short_ratio,volatility_1d,0,-0.1401218138381042,0.020557901802943986,-0.12760452299954234,0.03508979113433862,273,0.020557901802943986,True,0.01963412271328069,-0.0027443019119658624,0.023659373294286756
top_trader_long_short_ratio,volatility_1d,1,-0.16934286595547787,0.0051060740299826565,-0.14878278873286466,0.01404252304940664,272,0.0051060740299826565,True,0.028677006250015014,-0.003343969778407002,0.024575932357594473
top_trader_long_short_ratio,volatility_1d,3,-0.18342192146325006,0.0024809329583400704,-0.167275880937248,0.005863639233797646,270,0.0024809329583400704,True,0.033643601273270596,-0.003695790376121664,0.0250895342896947
top_trader_long_short_ratio,volatility_1d,7,-0.19200648062231435,0.0016545946517810247,-0.1671092082548963,0.006297613011600064,266,0.0016545946517810247,True,0.036866488600967307,-0.004009531364864964,0.02536350697699012
top_trader_long_short_ratio,volatility_1d,14,-0.2901720047621489,1.9443044404122113e-06,-0.2759228345435241,6.312244493876556e-06,260,1.9443044404122113e-06,True,0.08419979234768449,-0.006376833566292278,0.02865672253740783
top_trader_long_short_ratio,volatility_7d,0,-0.20670259766815263,0.0005886159773222855,-0.1781485474594105,0.003140359143768189,273,0.0005886159773222855,True,0.042725963882762175,-0.0037264312166862814,0.025685815744219853
top_trader_long_short_ratio,volatility_7d,1,-0.21544904347907498,0.00034486461861241234,-0.19447770592767333,0.0012664792406158285,272,0.00034486461861241234,True,0.04641829033604816,-0.00391724558650642,0.025971071491098105
top_trader_long_short_ratio,volatility_7d,3,-0.21790752348896603,0.0003092576730397725,-0.18666587409368515,0.002069171037274328,270,0.0003092576730397725,True,0.04748368879309428,-0.004031103877029695,0.026028203838065755
top_trader_long_short_ratio,volatility_7d,7,-0.2644068479430909,1.2421333854708625e-05,-0.2310908711252373,0.0001430528776350932,266,1.2421333854708625e-05,True,0.06991098123920081,-0.005098212328180334,0.027436381916466263
top_trader_long_short_ratio,volatility_7d,14,-0.37748181988092183,3.1403105442461854e-10,-0.392394744118882,5.3182442424155094e-11,260,3.1403105442461854e-10,True,0.14249252434061266,-0.007676095522331504,0.030951476386577317
top_trader_long_short_ratio,price_direction_1d,0,0.04039178270703607,0.506312240900222,0.054199217554999714,0.3723581454294711,273,0.506312240900222,False,,,
top_trader_long_short_ratio,price_direction_1d,1,0.046486590490704666,0.44513033685173525,0.05496976077455918,0.36647684895656873,272,0.44513033685173525,False,,,
top_trader_long_short_ratio,price_direction_1d,3,-0.016847528971463015,0.7828796318699454,0.0038966539662050343,0.94918383278688,270,0.7828796318699454,False,,,
top_trader_long_short_ratio,price_direction_1d,7,0.007685234367963728,0.9007183617749018,0.006511515215422477,0.9158199211072046,266,0.9007183617749018,False,,,
top_trader_long_short_ratio,price_direction_1d,14,0.010021657581995774,0.8722353369091737,0.018755481788698132,0.7634203260299603,260,0.8722353369091737,False,,,
top_trader_long_short_ratio,price_direction_7d,0,-0.11753430045118822,0.05240361073355491,-0.07315133527523666,0.22830861370823297,273,0.05240361073355491,False,,,
top_trader_long_short_ratio,price_direction_7d,1,-0.09930787578285734,0.10219019695012095,-0.06424099293286238,0.2911047793302982,272,0.10219019695012095,False,,,
top_trader_long_short_ratio,price_direction_7d,3,-0.053608409191106605,0.3802583783617428,-0.023431410148499438,0.7015094297106848,270,0.3802583783617428,False,,,
top_trader_long_short_ratio,price_direction_7d,7,0.07205672985843214,0.24151913139656517,0.07860547875778973,0.20126450519514785,266,0.24151913139656517,False,,,
top_trader_long_short_ratio,price_direction_7d,14,0.09019911047480747,0.1469561959877118,0.11296073499608572,0.06898997351449876,260,0.1469561959877118,False,,,
top_trader_long_short_ratio,price_range,0,-0.15858284546669385,0.008669316365504758,-0.1704747592467644,0.004735664462711497,273,0.008669316365504758,True,0.02514851887631331,-0.006163389662554263,0.04285814843848431
top_trader_long_short_ratio,price_range,1,-0.13646008129148757,0.024402555529585545,-0.1662090893694974,0.006001412955812099,272,0.024402555529585545,True,0.01862135378607943,-0.005349319411815327,0.041583281808675994
top_trader_long_short_ratio,price_range,3,-0.11804157711121564,0.05269638109178489,-0.17081075643470187,0.004886872982893146,270,0.05269638109178489,False,,,
top_trader_long_short_ratio,price_range,7,-0.12233123145193404,0.04623316775157774,-0.1363288441583076,0.02619049524805658,266,0.04623316775157774,True,0.0149649301885465,-0.0050710261959150535,0.040994662252211406
top_trader_long_short_ratio,price_range,14,-0.22366456258684997,0.00027769362660049255,-0.21603596776010564,0.00045113446363027925,260,0.00027769362660049255,True,0.05002583655716675,-0.009738038370972037,0.047574592299590296
bybit_funding_rate,price_static,0,0.34225771899868607,0.019900209030069373,0.5842842208151493,2.0151158485662013e-05,46,0.019900209030069373,True,0.1171403462141839,25725465.605077304,111164.19611278377
bybit_funding_rate,price_static,1,0.21061732323298157,0.1649117859867387,0.4550006627984772,0.0016878203230040211,45,0.1649117859867387,False,,,
bybit_funding_rate,price_static,3,0.19508015859406808,0.20998134638099192,0.36535266992757065,0.015991070979347346,43,0.20998134638099192,False,,,
bybit_funding_rate,price_static,7,0.19401122284983882,0.23662483677554602,0.3063373215250212,0.05786540692874734,39,0.23662483677554602,False,,,
bybit_funding_rate,price_static,14,-0.22611467774185837,0.2133522074476512,-0.42390908607423566,0.015612990633595454,32,0.2133522074476512,False,,,
bybit_funding_rate,price_change_1d,0,-0.2435624533159234,0.1028633351913796,-0.05939678081336312,0.6949780716426126,46,0.1028633351913796,False,,,
bybit_funding_rate,price_change_1d,1,-0.05785404038246299,0.7058079720032283,-0.05837396282065606,0.70328466914195,45,0.7058079720032283,False,,,
bybit_funding_rate,price_change_1d,3,0.11208689846859578,0.4742356727326461,0.04666968789070662,0.7663308906399597,43,0.4742356727326461,False,,,
bybit_funding_rate,price_change_1d,7,-0.2725074572398494,0.09327450838374035,-0.37375987808009853,0.01908607134127245,39,0.09327450838374035,False,,,
bybit_funding_rate,price_change_1d,14,-0.1538831986961403,0.4004114054193897,0.05867253786494611,0.7497478324425813,32,0.4004114054193897,False,,,
bybit_funding_rate,price_change_7d,0,-0.043931960326030986,0.7718919985806132,-0.14093628676898723,0.3501776957559154,46,0.7718919985806132,False,,,
bybit_funding_rate,price_change_7d,1,-0.05516120894170898,0.718926349383121,-0.2682830435730378,0.07476890644660372,45,0.718926349383121,False,,,
bybit_funding_rate,price_change_7d,3,-0.10134378845072296,0.5178641516176374,-0.2730705362666588,0.07644064489369719,43,0.5178641516176374,False,,,
bybit_funding_rate,price_change_7d,7,-0.280758681242506,0.0833971871611872,-0.10042518934329843,0.5429943081978774,39,0.0833971871611872,False,,,
bybit_funding_rate,price_change_7d,14,0.09850187698833823,0.5917174332439644,0.3593692944227949,0.043376222539123384,32,0.5917174332439644,False,,,
bybit_funding_rate,volatility_1d,0,-0.49026659729245314,0.0005427836727820874,-0.4255227319121413,0.003196748482894824,46,0.0005427836727820874,True,0.2403613364207201,-45.944255682134646,0.02144234845709372
bybit_funding_rate,volatility_1d,1,-0.39029597150801015,0.008036219059989453,-0.22427197453895398,0.13858887795065317,45,0.008036219059989453,True,0.1523309453753815,-36.708511591607525,0.021316211933729932
bybit_funding_rate,volatility_1d,3,-0.0073540777402241065,0.9626698546873564,0.03217036738097253,0.8377347360293704,43,0.9626698546873564,False,,,
bybit_funding_rate,volatility_1d,7,0.1739715122674324,0.28950550022832694,0.1314031207334691,0.4252305849856517,39,0.28950550022832694,False,,,
bybit_funding_rate,volatility_1d,14,0.0991684282972722,0.5891995785127199,0.008800880679741918,0.9618713516570531,32,0.5891995785127199,False,,,
bybit_funding_rate,volatility_7d,0,0.06750383062192426,0.655783277069502,0.021155862740377517,0.8890133736040022,46,0.655783277069502,False,,,
bybit_funding_rate,volatility_7d,1,0.24426344847661716,0.10586533476065405,0.17867966949166955,0.24024689154660953,45,0.10586533476065405,False,,,
bybit_funding_rate,volatility_7d,3,0.20791679661925425,0.180928818046525,0.2510194863247715,0.10444922364660333,43,0.180928818046525,False,,,
bybit_funding_rate,volatility_7d,7,0.1176775299689551,0.47555460977444886,0.027940879293095126,0.8659174467893321,39,0.47555460977444886,False,,,
bybit_funding_rate,volatility_7d,14,0.05626753939915399,0.7596991287179578,-0.23175652456653717,0.2018445251573368,32,0.7596991287179578,False,,,
bybit_funding_rate,price_direction_1d,0,-0.18173673137531,0.22674978948628244,-0.1409744812246634,0.35004581805001067,46,0.22674978948628244,False,,,
bybit_funding_rate,price_direction_1d,1,-0.1591344037701158,0.2964214602425437,-0.11662891747071497,0.44548498035285133,45,0.2964214602425437,False,,,
bybit_funding_rate,price_direction_1d,3,0.16545047314643127,0.289012525885736,0.06388151961667318,0.6840288955074799,43,0.289012525885736,False,,,
bybit_funding_rate,price_direction_1d,7,-0.2573523359627541,0.11373027119354316,-0.28721393814031854,0.07625214385051059,39,0.11373027119354316,False,,,
bybit_funding_rate,price_direction_1d,14,-0.0788884213080121,0.667795592615928,0.05767145373735601,0.7538853746458261,32,0.667795592615928,False,,,
bybit_funding_rate,price_direction_7d,0,0.051893790577460464,0.7319704536372964,-0.05501591935799959,0.7164984787954933,46,0.7319704536372964,False,,,
bybit_funding_rate,price_direction_7d,1,0.026362785173425177,0.8635159818479573,-0.09438645757601044,0.5374157577281197,45,0.8635159818479573,False,,,
bybit_funding_rate,price_direction_7d,3,-0.011484053257345667,0.9417350832604054,-0.18364767873490162,0.2384655426142689,43,0.9417350832604054,False,,,
bybit_funding_rate,price_direction_7d,7,-0.29917712598388624,0.06428409849998622,-0.17847969639460778,0.2769931083359849,39,0.06428409849998622,False,,,
bybit_funding_rate,price_direction_7d,14,0.2961399093587465,0.09982101509795704,0.4926086102035385,0.0041801943622246165,32,0.09982101509795704,False,,,
bybit_funding_rate,price_range,0,-0.02231642721676842,0.8829661314779143,-0.2621970044004222,0.0783555629599416,46,0.8829661314779143,False,,,
bybit_funding_rate,price_range,1,-0.08513219645869052,0.5781939149510726,-0.15364343261599314,0.3136142060704739,45,0.5781939149510726,False,,,
bybit_funding_rate,price_range,3,0.004405945414423698,0.9776298739879442,-0.06675728818023408,0.6705943534236336,43,0.9776298739879442,False,,,
bybit_funding_rate,price_range,7,0.09026263069166571,0.5847445559740585,-0.09678072682680776,0.5578017564631309,39,0.5847445559740585,False,,,
bybit_funding_rate,price_range,14,-0.018041978027886596,0.921925896892627,-0.01026769412636557,0.955522381172615,32,0.921925896892627,False,,,
bybit_oi,price_static,0,,,,,12,,False,,,
bybit_oi,price_static,1,,,,,11,,False,,,
bybit_oi,price_static,3,,,,,9,,False,,,
bybit_oi,price_static,7,,,,,5,,False,,,
bybit_oi,price_change_1d,0,,,,,12,,False,,,
bybit_oi,price_change_1d,1,,,,,11,,False,,,
bybit_oi,price_change_1d,3,,,,,9,,False,,,
bybit_oi,price_change_1d,7,,,,,5,,False,,,
bybit_oi,price_change_7d,0,,,,,12,,False,,,
bybit_oi,price_change_7d,1,,,,,11,,False,,,
bybit_oi,price_change_7d,3,,,,,9,,False,,,
bybit_oi,price_change_7d,7,,,,,5,,False,,,
bybit_oi,volatility_1d,0,,,,,12,,False,,,
bybit_oi,volatility_1d,1,,,,,11,,False,,,
bybit_oi,volatility_1d,3,,,,,9,,False,,,
bybit_oi,volatility_1d,7,,,,,5,,False,,,
bybit_oi,volatility_7d,0,,,,,12,,False,,,
bybit_oi,volatility_7d,1,,,,,11,,False,,,
bybit_oi,volatility_7d,3,,,,,9,,False,,,
bybit_oi,volatility_7d,7,,,,,5,,False,,,
bybit_oi,price_direction_1d,0,,,,,12,,False,,,
bybit_oi,price_direction_1d,1,,,,,11,,False,,,
bybit_oi,price_direction_1d,3,,,,,9,,False,,,
bybit_oi,price_direction_1d,7,,,,,5,,False,,,
bybit_oi,price_direction_7d,0,,,,,12,,False,,,
bybit_oi,price_direction_7d,1,,,,,11,,False,,,
bybit_oi,price_direction_7d,3,,,,,9,,False,,,
bybit_oi,price_direction_7d,7,,,,,5,,False,,,
bybit_oi,price_range,0,,,,,12,,False,,,
bybit_oi,price_range,1,,,,,11,,False,,,
bybit_oi,price_range,3,,,,,9,,False,,,
bybit_oi,price_range,7,,,,,5,,False,,,
